t_sec,iter,decode_ts,prefill_ts,sclk_mhz,mclk_mhz,edge_c,junction_c,mem_c,power_w,vram_mb,busy
1,1,0.00,0.00,8,2,47,50,47,0,99,0
1,2,0.00,0.00,8,2,47,50,47,0,99,0
1,3,0.00,0.00,8,2,47,50,47,0,99,0
1,4,0.00,0.00,8,2,47,50,47,0,99,0
1,5,0.00,0.00,8,2,47,50,47,0,99,0
1,6,0.00,0.00,8,2,47,50,47,0,99,0
1,7,0.00,0.00,8,2,47,50,47,0,99,0
1,8,0.00,0.00,8,2,47,50,47,0,99,0
1,9,0.00,0.00,8,2,47,50,47,0,99,0
1,10,0.00,0.00,8,2,47,50,47,0,99,0
2,11,0.00,0.00,8,2,47,50,47,0,99,0
2,12,0.00,0.00,8,2,47,50,47,0,99,0
2,13,0.00,0.00,8,2,47,50,47,0,99,0
2,14,0.00,0.00,8,2,47,50,47,0,99,0
2,15,0.00,0.00,8,2,47,50,47,0,99,0
2,16,0.00,0.00,8,2,47,50,47,0,99,0
2,17,0.00,0.00,8,2,47,50,47,0,99,0
2,18,0.00,0.00,8,2,47,50,47,0,99,0
2,19,0.00,0.00,8,2,47,50,47,0,99,0
2,20,0.00,0.00,8,2,47,50,47,0,99,0
2,21,0.00,0.00,8,2,47,50,47,0,99,0
2,22,0.00,0.00,8,2,47,50,47,0,99,0
3,23,0.00,0.00,8,2,47,50,47,0,99,0
3,24,0.00,0.00,8,2,47,50,47,0,99,0
3,25,0.00,0.00,8,2,47,50,47,0,99,0
3,26,0.00,0.00,8,2,47,50,47,0,99,0
3,27,0.00,0.00,8,2,47,50,47,0,99,0
3,28,0.00,0.00,8,2,47,50,47,0,99,0
3,29,0.00,0.00,8,2,47,50,47,0,99,0
3,30,0.00,0.00,8,2,47,50,47,0,99,0
3,31,0.00,0.00,8,2,47,50,47,0,99,0
3,32,0.00,0.00,8,2,47,50,47,0,99,0
3,33,0.00,0.00,8,2,47,50,47,0,99,0
3,34,0.00,0.00,8,2,47,50,47,0,99,0
4,35,0.00,0.00,8,2,47,50,47,0,99,0
4,36,0.00,0.00,8,2,47,50,47,0,99,0
4,37,0.00,0.00,8,2,47,50,47,0,99,0
4,38,0.00,0.00,8,2,47,50,47,0,99,0
4,39,0.00,0.00,8,2,47,50,47,0,99,0
4,40,0.00,0.00,8,2,47,50,47,0,99,0
4,41,0.00,0.00,8,2,47,50,47,0,99,0
4,42,0.00,0.00,8,2,47,50,47,0,99,0
4,43,0.00,0.00,8,2,47,50,47,0,99,0
4,44,0.00,0.00,8,2,47,50,47,0,99,0
4,45,0.00,0.00,8,2,47,50,47,0,99,0
4,46,0.00,0.00,8,2,47,50,47,0,99,0
5,47,0.00,0.00,8,2,47,50,47,0,99,0
5,48,0.00,0.00,8,2,47,50,47,0,99,0
5,49,0.00,0.00,8,2,47,50,47,0,99,0
5,50,0.00,0.00,8,2,47,50,47,0,99,0
5,51,0.00,0.00,8,2,47,50,47,0,99,0
5,52,0.00,0.00,8,2,47,50,47,0,99,0
5,53,0.00,0.00,8,2,47,50,47,0,99,0
5,54,0.00,0.00,8,2,47,50,47,0,99,0
5,55,0.00,0.00,8,2,47,49,47,0,99,0
5,56,0.00,0.00,8,2,47,49,47,0,99,0
5,57,0.00,0.00,8,2,47,49,47,0,99,0
5,58,0.00,0.00,8,2,47,50,47,0,99,0
6,59,0.00,0.00,8,2,47,50,47,0,99,0
6,60,0.00,0.00,8,2,47,50,47,0,99,0
6,61,0.00,0.00,8,2,47,50,47,0,99,0
6,62,0.00,0.00,8,2,47,50,47,0,99,0
6,63,0.00,0.00,8,2,47,50,47,0,99,0
6,64,0.00,0.00,8,2,47,50,47,0,99,0
6,65,0.00,0.00,8,2,47,50,47,0,99,0
6,66,0.00,0.00,8,2,47,50,47,0,99,0
6,67,0.00,0.00,8,2,47,50,47,0,99,0
6,68,0.00,0.00,8,2,47,50,47,0,99,0
6,69,0.00,0.00,8,2,47,50,47,0,99,0
6,70,0.00,0.00,8,2,47,50,47,0,99,0
7,71,0.00,0.00,8,2,47,50,47,0,99,0
7,72,0.00,0.00,8,2,47,50,47,0,99,0
7,73,0.00,0.00,8,2,47,50,47,0,99,0
7,74,0.00,0.00,8,2,47,50,47,0,99,0
7,75,0.00,0.00,8,2,47,50,47,0,99,0
7,76,0.00,0.00,8,2,47,50,47,0,99,0
7,77,0.00,0.00,8,2,47,49,47,0,99,0
7,78,0.00,0.00,8,2,47,50,47,0,99,0
7,79,0.00,0.00,8,2,47,50,47,0,99,0
7,80,0.00,0.00,8,2,47,50,47,0,99,0
7,81,0.00,0.00,8,2,47,50,47,0,99,0
7,82,0.00,0.00,8,2,47,50,47,0,99,0
8,83,0.00,0.00,8,2,47,50,47,0,99,0
8,84,0.00,0.00,8,2,47,50,47,0,99,0
8,85,0.00,0.00,8,2,47,50,47,0,99,0
8,86,0.00,0.00,8,2,47,50,47,0,99,0
8,87,0.00,0.00,8,2,47,50,47,0,99,0
8,88,0.00,0.00,8,2,47,50,47,0,99,0
8,89,0.00,0.00,8,2,47,50,47,0,99,0
8,90,0.00,0.00,8,2,47,50,47,0,99,0
8,91,0.00,0.00,8,2,47,50,47,0,99,0
8,92,0.00,0.00,8,2,47,50,47,0,99,0
8,93,0.00,0.00,8,2,47,50,47,0,99,0
8,94,0.00,0.00,8,2,47,50,47,0,99,0
9,95,0.00,0.00,8,2,47,50,47,0,99,0
9,96,0.00,0.00,8,2,47,50,47,0,99,0
9,97,0.00,0.00,8,2,47,50,47,0,99,0
9,98,0.00,0.00,8,2,47,50,47,0,99,0
9,99,0.00,0.00,8,2,47,50,47,0,99,0
9,100,0.00,0.00,8,2,47,50,47,0,99,0
9,101,0.00,0.00,8,2,47,50,47,0,99,0
9,102,0.00,0.00,8,2,47,50,47,0,99,0
9,103,0.00,0.00,8,2,47,50,47,0,99,0
9,104,0.00,0.00,8,2,47,50,47,0,99,0
9,105,0.00,0.00,8,2,47,50,47,0,99,0
9,106,0.00,0.00,8,2,47,50,47,0,99,0
10,107,0.00,0.00,8,2,47,50,47,0,99,0
10,108,0.00,0.00,8,2,47,50,47,0,99,0
10,109,0.00,0.00,8,2,47,50,47,0,99,0
10,110,0.00,0.00,8,2,47,50,47,0,99,0
10,111,0.00,0.00,8,2,47,50,47,0,99,0
10,112,0.00,0.00,8,2,47,50,47,0,99,0
10,113,0.00,0.00,8,2,47,50,47,0,99,0
10,114,0.00,0.00,8,2,47,50,47,0,99,0
10,115,0.00,0.00,8,2,47,50,47,0,99,0
10,116,0.00,0.00,8,2,47,50,47,0,99,0
10,117,0.00,0.00,8,2,47,50,47,0,99,0
10,118,0.00,0.00,8,2,47,50,47,0,99,0
10,119,0.00,0.00,8,2,47,50,47,0,99,0
11,120,0.00,0.00,8,2,47,50,47,0,99,0
11,121,0.00,0.00,8,2,47,49,47,0,99,0
11,122,0.00,0.00,8,2,47,50,47,0,99,0
11,123,0.00,0.00,8,2,47,50,47,0,99,0
11,124,0.00,0.00,8,2,47,50,47,0,99,0
11,125,0.00,0.00,8,2,47,50,47,0,99,0
11,126,0.00,0.00,8,2,47,50,47,0,99,0
11,127,0.00,0.00,8,2,47,49,47,0,99,0
11,128,0.00,0.00,8,2,47,50,47,0,99,0
11,129,0.00,0.00,8,2,47,50,47,0,99,0
11,130,0.00,0.00,8,2,47,50,47,0,99,0
11,131,0.00,0.00,8,2,47,50,47,0,99,0
12,132,0.00,0.00,8,2,47,50,47,0,99,0
12,133,0.00,0.00,8,2,47,50,47,0,99,0
12,134,0.00,0.00,8,2,47,50,47,0,99,0
12,135,0.00,0.00,8,2,47,50,47,0,99,0
12,136,0.00,0.00,8,2,47,50,47,0,99,0
12,137,0.00,0.00,8,2,47,50,47,0,99,0
12,138,0.00,0.00,8,2,47,50,47,0,99,0
12,139,0.00,0.00,8,2,47,50,47,0,99,0
12,140,0.00,0.00,8,2,47,50,47,0,99,0
12,141,0.00,0.00,8,2,47,50,47,0,99,0
12,142,0.00,0.00,8,2,46,50,47,0,99,0
12,143,0.00,0.00,8,2,47,50,47,0,99,0
13,144,0.00,0.00,8,2,47,50,47,0,99,0
13,145,0.00,0.00,8,2,47,50,47,0,99,0
13,146,0.00,0.00,8,2,47,50,47,0,99,0
13,147,0.00,0.00,8,2,47,50,47,0,99,0
13,148,0.00,0.00,8,2,47,50,47,0,99,0
13,149,0.00,0.00,8,2,47,49,47,0,99,0
13,150,0.00,0.00,8,2,47,49,47,0,99,0
13,151,0.00,0.00,8,2,47,49,47,0,99,0
13,152,0.00,0.00,8,2,47,50,47,0,99,0
13,153,0.00,0.00,8,2,47,50,47,0,99,0
13,154,0.00,0.00,8,2,47,50,47,0,99,0
13,155,0.00,0.00,8,2,47,49,47,0,99,0
14,156,0.00,0.00,8,2,47,50,47,0,99,0
14,157,0.00,0.00,8,2,47,50,47,0,99,0
14,158,0.00,0.00,8,2,47,50,47,0,99,0
14,159,0.00,0.00,8,2,47,50,47,0,99,0
14,160,0.00,0.00,8,2,47,50,47,0,99,0
14,161,0.00,0.00,8,2,47,50,47,0,99,0
14,162,0.00,0.00,8,2,47,50,47,0,99,0
14,163,0.00,0.00,8,2,47,50,47,0,99,0
14,164,0.00,0.00,8,2,47,50,47,0,99,0
14,165,0.00,0.00,8,2,47,50,47,0,99,0
14,166,0.00,0.00,8,2,47,50,47,0,99,0
14,167,0.00,0.00,8,2,47,50,47,0,99,0
15,168,0.00,0.00,8,2,47,50,47,0,99,0
15,169,0.00,0.00,8,2,47,50,47,0,99,0
15,170,0.00,0.00,8,2,47,50,47,0,99,0
15,171,0.00,0.00,8,2,47,50,47,0,99,0
15,172,0.00,0.00,8,2,47,49,47,0,99,0
15,173,0.00,0.00,8,2,47,50,47,0,99,0
15,174,0.00,0.00,8,2,47,50,47,0,99,0
15,175,0.00,0.00,8,2,47,50,47,0,99,0
15,176,0.00,0.00,8,2,47,50,47,0,99,0
15,177,0.00,0.00,8,2,47,50,47,0,99,0
15,178,0.00,0.00,8,2,47,50,47,0,99,0
15,179,0.00,0.00,8,2,47,50,47,0,99,0
16,180,0.00,0.00,8,2,47,49,47,0,99,0
16,181,0.00,0.00,8,2,47,50,47,0,99,0
16,182,0.00,0.00,8,2,47,50,47,0,99,0
16,183,0.00,0.00,8,2,47,50,47,0,99,0
16,184,0.00,0.00,8,2,47,50,47,0,99,0
16,185,0.00,0.00,8,2,47,50,47,0,99,0
16,186,0.00,0.00,8,2,47,49,47,0,99,0
16,187,0.00,0.00,8,2,47,50,47,0,99,0
16,188,0.00,0.00,8,2,47,50,47,0,99,0
16,189,0.00,0.00,8,2,47,50,47,0,99,0
16,190,0.00,0.00,8,2,47,50,47,0,99,0
16,191,0.00,0.00,8,2,47,50,47,0,99,0
16,192,0.00,0.00,8,2,47,50,47,0,99,0
17,193,0.00,0.00,8,2,47,50,47,0,99,0
17,194,0.00,0.00,8,2,47,50,47,0,99,0
17,195,0.00,0.00,8,2,47,50,47,0,99,0
17,196,0.00,0.00,8,2,47,50,47,0,99,0
17,197,0.00,0.00,8,2,47,50,47,0,99,0
17,198,0.00,0.00,8,2,47,50,47,0,99,0
17,199,0.00,0.00,8,2,47,49,47,0,99,0
17,200,0.00,0.00,8,2,47,50,47,0,99,0
17,201,0.00,0.00,8,2,47,50,47,0,99,0
17,202,0.00,0.00,8,2,47,50,47,0,99,0
17,203,0.00,0.00,8,2,47,50,47,0,99,0
17,204,0.00,0.00,8,2,47,50,47,0,99,0
18,205,0.00,0.00,8,2,47,50,47,0,99,0
18,206,0.00,0.00,8,2,47,50,47,0,99,0
18,207,0.00,0.00,8,2,47,50,47,0,99,0
18,208,0.00,0.00,8,2,47,49,47,0,99,0
18,209,0.00,0.00,8,2,47,50,47,0,99,0
18,210,0.00,0.00,8,2,47,50,47,0,99,0
18,211,0.00,0.00,8,2,47,50,47,0,99,0
18,212,0.00,0.00,8,2,47,50,47,0,99,0
18,213,0.00,0.00,8,2,47,50,47,0,99,0
18,214,0.00,0.00,8,2,47,50,47,0,99,0
18,215,0.00,0.00,8,2,47,50,47,0,99,0
18,216,0.00,0.00,8,2,47,49,47,0,99,0
19,217,0.00,0.00,8,2,47,50,47,0,99,0
19,218,0.00,0.00,8,2,47,50,47,0,99,0
19,219,0.00,0.00,8,2,47,50,47,0,99,0
19,220,0.00,0.00,8,2,47,50,47,0,99,0
19,221,0.00,0.00,8,2,47,50,47,0,99,0
19,222,0.00,0.00,8,2,47,50,47,0,99,0
19,223,0.00,0.00,8,2,47,50,47,0,99,0
19,224,0.00,0.00,8,2,47,49,47,0,99,0
19,225,0.00,0.00,8,2,47,50,47,0,99,0
19,226,0.00,0.00,8,2,47,50,47,0,99,0
19,227,0.00,0.00,8,2,47,50,47,0,99,0
19,228,0.00,0.00,8,2,47,50,47,0,99,0
19,229,0.00,0.00,8,2,47,49,47,0,99,0
20,230,0.00,0.00,8,2,47,49,47,0,99,0
20,231,0.00,0.00,8,2,47,49,47,0,99,0
20,232,0.00,0.00,8,2,47,50,47,0,99,0
20,233,0.00,0.00,8,2,47,50,47,0,99,0
20,234,0.00,0.00,8,2,47,50,47,0,99,0
20,235,0.00,0.00,8,2,47,50,47,0,99,0
20,236,0.00,0.00,8,2,47,50,47,0,99,0
20,237,0.00,0.00,8,2,47,50,47,0,99,0
20,238,0.00,0.00,8,2,47,50,47,0,99,0
20,239,0.00,0.00,8,2,47,49,47,0,99,0
20,240,0.00,0.00,8,2,47,49,47,0,99,0
20,241,0.00,0.00,8,2,46,49,47,0,99,0
21,242,0.00,0.00,8,2,47,50,47,0,99,0
21,243,0.00,0.00,8,2,47,50,47,0,99,0
21,244,0.00,0.00,8,2,47,50,47,0,99,0
21,245,0.00,0.00,8,2,47,50,47,0,99,0
21,246,0.00,0.00,8,2,47,50,47,0,99,0
21,247,0.00,0.00,8,2,47,50,47,0,99,0
21,248,0.00,0.00,8,2,47,50,47,0,99,0
21,249,0.00,0.00,8,2,46,50,47,0,99,0
21,250,0.00,0.00,8,2,47,50,47,0,99,0
21,251,0.00,0.00,8,2,47,49,47,0,99,0
21,252,0.00,0.00,8,2,47,50,47,0,99,0
21,253,0.00,0.00,8,2,47,49,47,0,99,0
22,254,0.00,0.00,8,2,47,50,46,0,99,0
22,255,0.00,0.00,8,2,47,50,47,0,99,0
22,256,0.00,0.00,8,2,47,50,47,0,99,0
22,257,0.00,0.00,8,2,47,49,47,0,99,0
22,258,0.00,0.00,8,2,47,50,47,0,99,0
22,259,0.00,0.00,8,2,47,50,47,0,99,0
22,260,0.00,0.00,8,2,47,49,47,0,99,0
22,261,0.00,0.00,8,2,47,49,47,0,99,0
22,262,0.00,0.00,8,2,47,50,47,0,99,0
23,263,0.00,0.00,8,2,47,50,47,0,99,0
25,264,0.00,0.00,8,2,47,50,47,0,99,0
25,265,0.00,0.00,8,2,47,50,47,0,99,0
25,266,0.00,0.00,8,2,47,50,47,0,99,0
26,267,0.00,0.00,8,2,47,50,47,0,99,0
26,268,0.00,0.00,8,2,47,50,46,0,99,0
26,269,0.00,0.00,8,2,47,49,47,0,99,0
26,270,0.00,0.00,8,2,47,49,47,0,99,0
26,271,0.00,0.00,8,2,47,50,46,0,99,0
26,272,0.00,0.00,8,2,47,50,47,0,99,0
26,273,0.00,0.00,8,2,47,50,47,0,99,0
26,274,0.00,0.00,8,2,47,50,47,0,99,0
26,275,0.00,0.00,8,2,47,49,47,0,99,0
26,276,0.00,0.00,8,2,47,50,47,0,99,0
27,277,0.00,0.00,8,2,47,50,47,0,99,0
27,278,0.00,0.00,8,2,46,50,47,0,99,0
27,279,0.00,0.00,8,2,47,50,47,0,99,0
27,280,0.00,0.00,8,2,47,50,47,0,99,0
27,281,0.00,0.00,8,2,47,50,47,0,99,0
27,282,0.00,0.00,8,2,47,50,47,0,99,0
27,283,0.00,0.00,8,2,47,50,47,0,99,0
27,284,0.00,0.00,8,2,47,50,47,0,99,0
27,285,0.00,0.00,8,2,47,49,47,0,99,0
27,286,0.00,0.00,8,2,47,50,47,0,99,0
27,287,0.00,0.00,8,2,47,50,47,0,99,0
27,288,0.00,0.00,8,2,47,50,47,0,99,0
28,289,0.00,0.00,8,2,47,49,47,0,99,0
28,290,0.00,0.00,8,2,47,49,47,0,99,0
28,291,0.00,0.00,8,2,47,49,47,0,99,0
28,292,0.00,0.00,8,2,47,50,47,0,99,0
28,293,0.00,0.00,8,2,47,49,47,0,99,0
28,294,0.00,0.00,8,2,47,50,47,0,99,0
28,295,0.00,0.00,8,2,47,49,47,0,99,0
28,296,0.00,0.00,8,2,47,50,46,0,99,0
28,297,0.00,0.00,8,2,47,49,47,0,99,0
28,298,0.00,0.00,8,2,46,49,47,0,99,0
28,299,0.00,0.00,8,2,47,49,47,0,99,0
28,300,0.00,0.00,8,2,47,50,47,0,99,0
29,301,0.00,0.00,8,2,47,49,47,0,99,0
29,302,0.00,0.00,8,2,47,50,47,0,99,0
29,303,0.00,0.00,8,2,47,49,47,0,99,0
29,304,0.00,0.00,8,2,47,50,47,0,99,0
29,305,0.00,0.00,8,2,47,49,47,0,99,0
29,306,0.00,0.00,8,2,47,49,47,0,99,0
29,307,0.00,0.00,8,2,47,49,47,0,99,0
29,308,0.00,0.00,8,2,47,49,47,0,99,0
29,309,0.00,0.00,8,2,47,49,47,0,99,0
29,310,0.00,0.00,8,2,47,50,47,0,99,0
29,311,0.00,0.00,8,2,47,49,47,0,99,0
29,312,0.00,0.00,8,2,47,50,47,0,99,0
30,313,0.00,0.00,8,2,47,49,47,0,99,0
30,314,0.00,0.00,8,2,47,49,47,0,99,0
30,315,0.00,0.00,8,2,47,50,47,0,99,0
30,316,0.00,0.00,8,2,47,49,47,0,99,0
30,317,0.00,0.00,8,2,47,49,47,0,99,0
30,318,0.00,0.00,8,2,47,49,47,0,99,0
30,319,0.00,0.00,8,2,47,50,47,0,99,0
30,320,0.00,0.00,8,2,47,50,47,0,99,0
30,321,0.00,0.00,8,2,47,50,47,0,99,0
30,322,0.00,0.00,8,2,47,50,47,0,99,0
30,323,0.00,0.00,8,2,47,50,46,0,99,0
30,324,0.00,0.00,8,2,47,50,46,0,99,0
31,325,0.00,0.00,8,2,47,50,47,0,99,0
31,326,0.00,0.00,8,2,47,50,47,0,99,0
31,327,0.00,0.00,8,2,47,50,47,0,99,0
31,328,0.00,0.00,8,2,47,50,47,0,99,0
31,329,0.00,0.00,8,2,47,50,46,0,99,0
31,330,0.00,0.00,8,2,47,50,47,0,99,0
31,331,0.00,0.00,8,2,47,49,47,0,99,0
31,332,0.00,0.00,8,2,47,49,47,0,99,0
31,333,0.00,0.00,8,2,47,50,47,0,99,0
31,334,0.00,0.00,8,2,47,49,47,0,99,0
31,335,0.00,0.00,8,2,47,49,47,0,99,0
31,336,0.00,0.00,8,2,47,50,47,0,99,0
31,337,0.00,0.00,8,2,47,50,47,0,99,0
32,338,0.00,0.00,8,2,46,50,47,0,99,0
32,339,0.00,0.00,8,2,47,49,47,0,99,0
32,340,0.00,0.00,8,2,47,49,47,0,99,0
32,341,0.00,0.00,8,2,47,50,46,0,99,0
32,342,0.00,0.00,8,2,47,50,47,0,99,0
32,343,0.00,0.00,8,2,47,50,47,0,99,0
32,344,0.00,0.00,8,2,47,49,47,0,99,0
32,345,0.00,0.00,8,2,47,49,46,0,99,0
32,346,0.00,0.00,8,2,46,50,46,0,99,0
32,347,0.00,0.00,8,2,47,49,47,0,99,0
32,348,0.00,0.00,8,2,47,49,47,0,99,0
32,349,0.00,0.00,8,2,47,49,47,0,99,0
33,350,0.00,0.00,8,2,47,49,47,0,99,0
33,351,0.00,0.00,8,2,47,49,47,0,99,0
33,352,0.00,0.00,8,2,47,50,47,0,99,0
33,353,0.00,0.00,8,2,47,50,47,0,99,0
33,354,0.00,0.00,8,2,47,50,47,0,99,0
33,355,0.00,0.00,8,2,47,49,47,0,99,0
33,356,0.00,0.00,8,2,47,49,47,0,99,0
33,357,0.00,0.00,8,2,47,49,47,0,99,0
33,358,0.00,0.00,8,2,47,49,47,0,99,0
33,359,0.00,0.00,8,2,46,49,47,0,99,0
33,360,0.00,0.00,8,2,47,49,47,0,99,0
33,361,0.00,0.00,8,2,47,50,47,0,99,0
34,362,0.00,0.00,8,2,47,50,47,0,99,0
34,363,0.00,0.00,8,2,48,50,47,0,99,0
34,364,0.00,0.00,8,2,47,50,47,0,99,0
34,365,0.00,0.00,8,2,47,49,47,0,99,0
34,366,0.00,0.00,8,2,47,49,46,0,99,0
34,367,0.00,0.00,8,2,47,50,47,0,99,0
34,368,0.00,0.00,8,2,47,49,47,0,99,0
34,369,0.00,0.00,8,2,47,49,47,0,99,0
34,370,0.00,0.00,8,2,47,50,47,0,99,0
34,371,0.00,0.00,8,2,47,50,47,0,99,0
34,372,0.00,0.00,8,2,47,50,47,0,99,0
34,373,0.00,0.00,8,2,47,49,47,0,99,0
35,374,0.00,0.00,8,2,47,49,47,0,99,0
35,375,0.00,0.00,8,2,47,50,47,0,99,0
35,376,0.00,0.00,8,2,47,49,47,0,99,0
35,377,0.00,0.00,8,2,47,49,47,0,99,0
35,378,0.00,0.00,8,2,47,49,47,0,99,0
35,379,0.00,0.00,8,2,47,49,47,0,99,0
35,380,0.00,0.00,8,2,47,50,47,0,99,0
35,381,0.00,0.00,8,2,47,49,47,0,99,0
35,382,0.00,0.00,8,2,47,49,47,0,99,0
35,383,0.00,0.00,8,2,47,49,46,0,99,0
35,384,0.00,0.00,8,2,47,49,47,0,99,0
35,385,0.00,0.00,8,2,47,49,47,0,99,0
36,386,0.00,0.00,8,2,46,49,47,0,99,0
36,387,0.00,0.00,8,2,46,49,47,0,99,0
36,388,0.00,0.00,8,2,47,50,46,0,99,0
36,389,0.00,0.00,8,2,46,49,47,0,99,0
36,390,0.00,0.00,8,2,47,49,47,0,99,0
36,391,0.00,0.00,8,2,47,49,46,0,99,0
36,392,0.00,0.00,8,2,47,50,46,0,99,0
36,393,0.00,0.00,8,2,47,49,47,0,99,0
36,394,0.00,0.00,8,2,47,49,47,0,99,0
36,395,0.00,0.00,8,2,47,49,47,0,99,0
36,396,0.00,0.00,8,2,47,49,47,0,99,0
36,397,0.00,0.00,8,2,47,49,47,0,99,0
37,398,0.00,0.00,8,2,47,49,47,0,99,0
37,399,0.00,0.00,8,2,47,50,47,0,99,0
37,400,0.00,0.00,8,2,47,49,47,0,99,0
37,401,0.00,0.00,8,2,47,49,46,0,99,0
37,402,0.00,0.00,8,2,47,49,46,0,99,0
37,403,0.00,0.00,8,2,46,49,47,0,99,0
37,404,0.00,0.00,8,2,47,49,47,0,99,0
37,405,0.00,0.00,8,2,47,49,47,0,99,0
37,406,0.00,0.00,8,2,47,49,47,0,99,0
37,407,0.00,0.00,8,2,47,49,47,0,99,0
37,408,0.00,0.00,8,2,47,49,46,0,99,0
37,409,0.00,0.00,8,2,47,50,47,0,99,0
38,410,0.00,0.00,8,2,47,49,47,0,99,0
38,411,0.00,0.00,8,2,47,49,47,0,99,0
38,412,0.00,0.00,8,2,47,50,47,0,99,0
38,413,0.00,0.00,8,2,47,49,47,0,99,0
38,414,0.00,0.00,8,2,47,49,47,0,99,0
38,415,0.00,0.00,8,2,47,49,47,0,99,0
38,416,0.00,0.00,8,2,46,49,47,0,99,0
38,417,0.00,0.00,8,2,47,49,47,0,99,0
38,418,0.00,0.00,8,2,47,50,47,0,99,0
38,419,0.00,0.00,8,2,47,49,46,0,99,0
38,420,0.00,0.00,8,2,47,49,47,0,99,0
38,421,0.00,0.00,8,2,47,49,47,0,99,0
39,422,0.00,0.00,8,2,47,49,47,0,99,0
39,423,0.00,0.00,8,2,46,49,47,0,99,0
39,424,0.00,0.00,8,2,47,49,46,0,99,0
39,425,0.00,0.00,8,2,47,49,47,0,99,0
39,426,0.00,0.00,8,2,47,50,47,0,99,0
39,427,0.00,0.00,8,2,47,49,47,0,99,0
39,428,0.00,0.00,8,2,47,50,47,0,13880,0
39,429,0.00,0.00,8,2,47,49,47,0,13881,0
39,430,0.00,0.00,8,2,47,49,46,0,13881,0
39,431,0.00,0.00,8,2,47,50,47,0,13881,0
39,432,0.00,0.00,8,2,47,49,46,0,13881,0
40,433,0.00,0.00,8,2,47,50,47,0,13881,0
40,434,0.00,0.00,8,2,47,49,47,0,13881,0
40,435,0.00,0.00,8,2,47,49,47,0,13881,0
40,436,0.00,0.00,8,2,46,49,47,0,13881,0
40,437,0.00,0.00,8,2,47,49,47,0,13881,0
40,438,0.00,0.00,8,2,47,50,47,0,13881,0
40,439,0.00,0.00,8,2,47,49,46,0,13881,0
40,440,0.00,0.00,8,2,47,49,47,0,13881,0
40,441,0.00,0.00,8,2,47,49,47,0,13881,0
40,442,0.00,0.00,8,2,47,50,47,0,13881,0
41,443,0.00,0.00,8,2,47,49,47,0,13881,0
43,444,0.00,0.00,8,2,47,51,47,0,13881,0
43,445,0.00,0.00,8,2,47,51,47,0,13881,0
43,446,0.00,0.00,8,2,47,50,47,0,13881,0
43,447,0.00,0.00,8,2,47,50,47,0,13881,0
43,448,0.00,0.00,8,2,47,50,47,0,13881,0
43,449,0.00,0.00,8,2,47,50,47,0,13881,0
43,450,0.00,0.00,8,2,47,50,47,0,13881,4
43,451,0.00,0.00,8,2,47,50,47,0,13881,0
44,452,0.00,0.00,8,2,47,50,47,0,13881,0
44,453,0.00,0.00,8,2,46,50,47,0,13881,0
44,454,0.00,0.00,8,2,47,50,47,0,13881,0
44,455,0.00,0.00,8,2,47,50,47,0,13881,0
44,456,0.00,0.00,8,2,47,50,47,0,13881,0
44,457,0.00,0.00,8,2,47,50,47,0,13881,1
44,458,0.00,0.00,8,2,47,50,47,0,13881,0
44,459,0.00,0.00,8,2,47,50,47,0,13881,0
45,460,0.00,0.00,8,2,47,50,47,0,13881,0
45,461,0.00,0.00,8,2,47,51,47,0,13881,0
45,462,0.00,0.00,8,2,47,50,47,0,13881,1
45,463,0.00,0.00,8,2,47,50,47,0,13881,0
45,464,0.00,0.00,8,2,47,50,47,0,13881,0
45,465,0.00,0.00,8,2,47,50,47,0,13881,0
45,466,0.00,0.00,8,2,47,51,47,0,13881,0
45,467,0.00,0.00,8,2,47,50,47,0,13881,2
45,468,0.00,0.00,8,2,47,50,47,0,13881,0
45,469,0.00,0.00,8,2,47,50,47,0,13881,0
45,470,0.00,0.00,8,2,47,50,47,0,13881,0
45,471,0.00,0.00,8,2,47,50,47,0,13881,0
46,472,0.00,0.00,8,2,47,51,47,0,13881,0
46,473,0.00,0.00,8,2,47,50,47,0,13881,41
46,474,0.00,0.00,8,2,47,50,47,0,13881,0
46,475,0.00,0.00,8,2,47,50,47,0,13881,0
46,476,0.00,0.00,8,2,47,50,47,0,13881,0
46,477,0.00,0.00,8,2,47,50,47,0,13881,0
46,478,0.00,0.00,8,2,47,50,47,0,13881,21
46,479,0.00,0.00,8,2,47,50,46,0,13881,0
46,480,0.00,0.00,8,2,47,50,47,0,13881,0
46,481,0.00,0.00,8,2,47,50,47,0,13881,0
46,482,0.00,0.00,8,2,47,50,47,0,13881,0
47,483,0.00,0.00,8,2,47,50,46,0,13881,0
47,484,0.00,0.00,8,2,47,50,47,0,13881,0
47,485,0.00,0.00,8,2,47,50,47,0,13881,0
47,486,0.00,0.00,8,2,47,50,47,0,13881,0
47,487,0.00,0.00,8,2,47,50,47,0,13881,2
47,488,0.00,0.00,8,2,47,50,47,0,13881,0
47,489,0.00,0.00,8,2,47,50,47,0,13881,0
47,490,0.00,0.00,8,2,47,52,47,0,13881,0
48,491,0.00,0.00,8,2,47,50,46,0,13881,0
48,492,0.00,0.00,8,2,47,50,47,0,13881,0
48,493,0.00,0.00,8,2,47,50,47,0,13881,9
48,494,0.00,0.00,8,2,47,50,47,0,13881,0
48,495,0.00,0.00,8,2,47,50,47,0,13881,0
48,496,0.00,0.00,8,2,47,50,47,0,13881,0
48,497,0.00,0.00,8,2,47,50,46,0,13881,0
48,498,0.00,0.00,8,2,47,50,47,0,13881,0
48,499,0.00,0.00,8,2,47,50,47,0,13881,0
48,500,0.00,0.00,8,2,47,50,47,0,13881,0
48,501,0.00,0.00,8,2,47,50,47,0,13881,0
49,502,0.00,0.00,8,2,47,50,47,0,13881,0
49,503,0.00,0.00,8,2,47,50,47,0,13881,8
49,504,0.00,0.00,8,2,46,50,47,0,13881,0
49,505,0.00,0.00,8,2,47,50,47,0,13881,0
49,506,0.00,0.00,8,2,47,50,47,0,13881,70
49,507,0.00,0.00,8,2,47,51,47,0,13881,0
49,508,0.00,0.00,8,2,47,50,47,0,13881,0
49,509,0.00,0.00,8,2,47,50,47,0,13881,0
49,510,0.00,0.00,8,2,47,50,46,0,13881,68
50,511,0.00,0.00,8,2,47,50,47,0,13881,0
50,512,0.00,0.00,8,2,47,50,47,0,13881,0
50,513,0.00,0.00,8,2,47,50,47,0,13881,0
52,514,0.00,0.00,8,2,47,50,47,0,13881,0
52,515,0.00,0.00,8,2,47,50,47,0,13881,0
53,516,0.00,0.00,8,2,47,50,47,0,13881,0
53,517,0.00,0.00,8,2,47,50,47,0,13881,0
53,518,0.00,0.00,8,2,47,50,47,0,13881,71
53,519,0.00,0.00,8,2,47,50,47,0,13881,0
53,520,0.00,0.00,8,2,47,50,47,0,13881,0
53,521,0.00,0.00,8,2,47,50,46,0,13881,0
53,522,0.00,0.00,8,2,47,50,47,0,13881,37
53,523,0.00,0.00,8,2,47,50,47,0,13881,0
53,524,0.00,0.00,8,2,47,50,47,0,13881,0
53,525,0.00,0.00,8,2,47,50,47,0,13881,0
53,526,0.00,0.00,8,2,47,50,47,0,13881,0
53,527,0.00,0.00,8,2,48,50,47,0,13881,0
54,528,0.00,0.00,8,2,47,50,47,0,13881,0
54,529,0.00,0.00,8,2,47,50,47,0,13881,46
54,530,0.00,0.00,8,2,47,50,47,0,13881,0
54,531,0.00,0.00,8,2,47,50,47,0,13881,0
54,532,0.00,0.00,8,2,47,50,47,0,13881,0
54,533,0.00,0.00,8,2,47,50,47,0,13881,8
54,534,0.00,0.00,8,2,46,50,47,0,13881,0
54,535,0.00,0.00,8,2,47,50,47,0,13881,0
54,536,0.00,0.00,8,2,47,50,46,0,13881,0
54,537,0.00,0.00,8,2,47,50,46,0,13881,0
54,538,0.00,0.00,8,2,47,50,47,0,13881,0
55,539,0.00,0.00,8,2,47,50,47,0,13881,0
55,540,0.00,0.00,8,2,47,50,47,0,13881,0
55,541,0.00,0.00,8,2,47,50,46,0,13881,0
55,542,0.00,0.00,8,2,47,50,47,0,13881,85
55,543,0.00,0.00,8,2,47,50,47,0,13881,0
55,544,0.00,0.00,8,2,47,51,47,0,13881,13
55,545,0.00,0.00,8,2,47,50,47,0,13881,0
55,546,0.00,0.00,8,2,47,51,47,0,13881,0
55,547,0.00,0.00,8,2,47,50,47,0,13881,72
55,548,0.00,0.00,8,2,47,50,47,0,13881,0
55,549,0.00,0.00,8,2,47,50,47,0,13881,0
55,550,0.00,0.00,8,2,47,50,47,0,13881,0
56,551,0.00,0.00,8,2,47,50,47,0,13881,0
56,552,0.00,0.00,8,2,47,49,47,0,13881,0
56,553,0.00,0.00,8,2,47,50,47,0,13881,0
56,554,0.00,0.00,8,2,47,50,47,0,13881,97
56,555,0.00,0.00,8,2,47,50,46,0,13881,0
56,556,0.00,0.00,8,2,47,50,47,0,13881,0
56,557,0.00,0.00,8,2,47,50,46,0,13881,0
56,558,0.00,0.00,8,2,47,50,47,0,13881,0
56,559,0.00,0.00,8,2,47,50,47,0,13881,0
56,560,0.00,0.00,8,2,47,50,47,0,13881,0
56,561,0.00,0.00,8,2,47,50,47,0,13881,0
56,562,0.00,0.00,8,2,47,50,47,0,13881,0
57,563,0.00,0.00,8,2,47,50,47,0,13881,0
57,564,0.00,0.00,8,2,47,50,47,0,13881,0
57,565,0.00,0.00,8,2,47,50,47,0,13881,7
57,566,0.00,0.00,8,2,47,50,47,0,13881,0
57,567,0.00,0.00,8,2,47,51,47,0,13881,0
57,568,0.00,0.00,8,2,47,50,47,0,13881,0
57,569,0.00,0.00,8,2,47,50,47,0,13881,0
57,570,0.00,0.00,8,2,47,50,47,0,13881,0
57,571,0.00,0.00,8,2,47,50,47,0,13881,0
57,572,0.00,0.00,8,2,47,50,47,0,13881,0
57,573,0.00,0.00,8,2,47,50,47,0,13881,0
58,574,0.00,0.00,8,2,47,50,47,0,13881,0
58,575,0.00,0.00,8,2,47,50,47,0,13881,0
58,576,0.00,0.00,8,2,47,51,47,0,13881,0
58,577,0.00,0.00,8,2,47,50,47,0,13881,2
58,578,0.00,0.00,8,2,47,50,47,0,13881,0
58,579,0.00,0.00,8,2,47,50,47,0,13881,0
58,580,0.00,0.00,8,2,47,50,47,0,13881,0
58,581,0.00,0.00,8,2,47,50,47,0,13881,0
58,582,0.00,0.00,8,2,47,50,47,0,13881,0
58,583,0.00,0.00,8,2,47,50,47,0,13881,0
58,584,0.00,0.00,8,2,47,50,47,0,13881,0
58,585,0.00,0.00,8,2,47,50,47,0,13881,0
59,586,0.00,0.00,8,2,47,50,47,0,13881,88
59,587,0.00,0.00,8,2,47,50,47,0,13881,0
59,588,0.00,0.00,8,2,47,50,47,0,13881,0
59,589,0.00,0.00,8,2,47,50,47,0,13881,0
59,590,0.00,0.00,8,2,47,50,47,0,13881,0
59,591,0.00,0.00,8,2,47,50,47,0,13881,0
59,592,0.00,0.00,8,2,47,50,47,0,13881,0
59,593,0.00,0.00,8,2,47,50,47,0,13881,0
59,594,0.00,0.00,8,2,47,50,47,0,13881,0
59,595,0.00,0.00,8,2,47,52,47,0,13881,0
59,596,0.00,0.00,8,2,47,50,47,0,13881,0
59,597,0.00,0.00,8,2,47,50,47,0,13881,0
60,598,0.00,0.00,8,2,47,50,47,0,13881,0
60,599,0.00,0.00,8,2,47,50,47,0,13881,0
60,600,0.00,0.00,8,2,47,51,47,0,13881,0
60,601,0.00,0.00,8,2,47,50,46,0,13881,0
60,602,0.00,0.00,8,2,47,50,47,0,13881,10
60,603,0.00,0.00,8,2,47,50,47,0,13881,0
60,604,0.00,0.00,8,2,47,50,47,0,13881,0
60,605,0.00,0.00,8,2,47,50,47,0,13881,0
60,606,0.00,0.00,8,2,47,50,47,0,13881,0
61,607,0.00,0.00,8,2,47,50,47,0,13881,0
61,608,0.00,0.00,8,2,47,50,46,0,13881,0
61,609,0.00,0.00,8,2,47,50,47,0,13881,87
61,610,0.00,0.00,8,2,47,50,47,0,13881,0
61,611,0.00,0.00,8,2,47,50,46,0,13881,0
61,612,0.00,0.00,8,2,47,50,47,0,13881,0
61,613,0.00,0.00,8,2,47,50,47,0,13881,2
61,614,0.00,0.00,8,2,47,50,47,0,13881,0
61,615,0.00,0.00,8,2,47,50,47,0,13881,0
61,616,0.00,0.00,8,2,47,50,47,0,13881,0
62,617,0.00,0.00,8,2,47,50,47,0,13881,0
62,618,0.00,0.00,8,2,47,51,47,0,13881,0
62,619,0.00,0.00,8,2,47,50,47,0,13881,0
62,620,0.00,0.00,8,2,47,50,47,0,13881,0
62,621,0.00,0.00,8,2,47,50,47,0,13881,0
62,622,0.00,0.00,8,2,46,50,46,0,13881,0
62,623,0.00,0.00,8,2,47,50,47,0,13881,0
62,624,0.00,0.00,8,2,47,50,47,0,13881,0
62,625,0.00,0.00,8,2,47,51,47,0,13881,93
63,626,0.00,0.00,8,2,47,52,47,0,13881,0
63,627,0.00,0.00,8,2,47,51,47,0,13881,0
63,628,0.00,0.00,8,2,47,51,47,0,13881,0
63,629,0.00,0.00,8,2,47,51,47,0,13881,0
63,630,0.00,0.00,8,2,47,51,47,0,13881,0
63,631,0.00,0.00,8,2,47,50,47,0,13881,0
63,632,0.00,0.00,8,2,47,50,47,0,13881,0
63,633,0.00,0.00,8,2,47,50,47,0,13881,0
63,634,0.00,0.00,8,2,47,51,47,0,13881,0
63,635,0.00,0.00,8,2,47,50,47,0,13881,0
64,636,0.00,0.00,8,2,47,50,47,0,13881,0
64,637,0.00,0.00,8,2,47,50,47,0,13881,0
64,638,0.00,0.00,8,2,47,50,47,0,13881,0
64,639,0.00,0.00,8,2,47,50,47,0,13881,0
64,640,0.00,0.00,8,2,47,51,46,0,13881,1
64,641,0.00,0.00,8,2,47,50,47,0,13881,0
64,642,0.00,0.00,8,2,47,50,47,0,13881,0
64,643,0.00,0.00,8,2,47,50,47,0,13881,0
64,644,0.00,0.00,8,2,47,52,47,0,13881,0
64,645,0.00,0.00,8,2,47,50,47,0,13881,0
64,646,0.00,0.00,8,2,47,50,47,0,13881,0
64,647,0.00,0.00,8,2,47,51,47,0,13881,0
65,648,0.00,0.00,8,2,47,51,47,0,13881,18
65,649,0.00,0.00,8,2,47,50,47,0,13881,87
65,650,0.00,0.00,8,2,47,50,47,0,13881,0
65,651,0.00,0.00,8,2,47,51,47,0,13881,0
65,652,0.00,0.00,8,2,47,50,47,0,13881,0
65,653,0.00,0.00,8,2,47,52,47,0,13881,0
65,654,0.00,0.00,8,2,47,51,47,0,13881,0
65,655,0.00,0.00,8,2,47,51,47,0,13881,0
65,656,0.00,0.00,8,2,47,51,47,0,13881,0
65,657,0.00,0.00,8,2,47,52,47,0,13881,0
65,658,0.00,0.00,8,2,47,50,47,0,13881,0
65,659,0.00,0.00,8,2,47,50,47,0,13881,0
66,660,0.00,0.00,8,2,47,50,47,0,13881,0
66,661,0.00,0.00,8,2,48,52,47,0,13881,0
66,662,0.00,0.00,8,2,47,51,47,0,13881,0
66,663,0.00,0.00,8,2,47,50,47,0,13881,0
66,664,0.00,0.00,8,2,47,51,47,0,13881,0
66,665,0.00,0.00,8,2,47,51,47,0,13881,0
66,666,0.00,0.00,8,2,47,51,47,0,13881,0
66,667,0.00,0.00,8,2,47,51,47,0,13881,0
66,668,0.00,0.00,8,2,47,50,47,0,13881,0
66,669,0.00,0.00,8,2,47,51,47,0,13881,0
66,670,0.00,0.00,8,2,47,52,47,0,13881,0
66,671,0.00,0.00,8,2,47,51,47,0,13881,0
67,672,0.00,0.00,8,2,47,50,47,0,13881,4
67,673,0.00,0.00,8,2,47,50,47,0,13881,0
67,674,0.00,0.00,8,2,47,51,47,0,13881,0
67,675,0.00,0.00,8,2,47,51,47,0,13881,0
67,676,0.00,0.00,8,2,47,50,47,0,13881,0
67,677,0.00,0.00,8,2,47,52,47,0,13881,0
67,678,0.00,0.00,8,2,47,50,47,0,13881,0
67,679,0.00,0.00,8,2,47,51,47,0,13881,0
67,680,0.00,0.00,8,2,47,50,47,0,13881,0
67,681,0.00,0.00,8,2,47,50,47,0,13881,0
67,682,0.00,0.00,8,2,47,50,47,0,13881,0
68,683,0.00,0.00,8,2,47,50,47,0,13881,0
68,684,0.00,0.00,8,2,47,50,47,0,13881,2
68,685,0.00,0.00,8,2,47,51,47,0,13881,0
68,686,0.00,0.00,8,2,47,50,47,0,13881,0
68,687,0.00,0.00,8,2,47,51,47,0,13881,0
68,688,0.00,0.00,8,2,47,51,47,0,13881,17
68,689,0.00,0.00,8,2,47,51,47,0,13881,0
68,690,0.00,0.00,8,2,47,51,47,0,13881,0
68,691,0.00,0.00,8,2,47,51,47,0,13881,0
68,692,0.00,0.00,8,2,47,51,47,0,13881,17
68,693,0.00,0.00,8,2,47,51,47,0,13881,0
68,694,0.00,0.00,8,2,47,50,47,0,13881,0
69,695,0.00,0.00,8,2,47,51,47,0,13881,0
69,696,0.00,0.00,8,2,47,51,47,0,13881,76
69,697,0.00,0.00,8,2,47,51,47,0,13881,0
69,698,0.00,0.00,8,2,47,53,47,0,13881,0
69,699,0.00,0.00,8,2,47,51,47,0,13881,0
69,700,0.00,0.00,8,2,47,52,47,0,13881,0
69,701,0.00,0.00,8,2,47,50,47,0,13881,0
69,702,0.00,0.00,8,2,47,50,47,0,13881,0
69,703,0.00,0.00,8,2,47,50,47,0,13881,0
69,704,0.00,0.00,8,2,47,50,47,0,13881,0
69,705,0.00,0.00,8,2,47,50,47,0,13881,0
69,706,0.00,0.00,8,2,47,51,47,0,13881,0
70,707,0.00,0.00,8,2,47,50,47,0,13881,0
70,708,0.00,0.00,8,2,47,50,47,0,13881,97
70,709,0.00,0.00,8,2,47,50,47,0,13881,87
70,710,0.00,0.00,8,2,47,50,47,0,13881,0
70,711,0.00,0.00,8,2,47,50,47,0,13881,17
70,712,0.00,0.00,8,2,47,50,47,0,13881,0
70,713,0.00,0.00,8,2,47,51,47,0,13881,0
70,714,0.00,0.00,8,2,47,51,47,0,13881,0
70,715,0.00,0.00,8,2,47,51,47,0,13881,0
70,716,0.00,0.00,8,2,47,51,47,0,13881,0
70,717,0.00,0.00,8,2,47,50,47,0,13881,0
71,718,0.00,0.00,8,2,47,50,47,0,13881,0
71,719,0.00,0.00,8,2,47,50,47,0,13881,0
71,720,0.00,0.00,8,2,47,50,47,0,13881,0
71,721,0.00,0.00,8,2,47,50,47,0,13881,0
71,722,0.00,0.00,8,2,47,51,47,0,13881,0
71,723,0.00,0.00,8,2,47,50,47,0,13881,0
71,724,0.00,0.00,8,2,47,52,47,0,13881,93
71,725,0.00,0.00,8,2,47,53,47,0,13881,0
71,726,0.00,0.00,8,2,47,51,47,0,13881,0
71,727,0.00,0.00,8,2,47,50,47,0,13881,0
71,728,0.00,0.00,8,2,47,50,47,0,13881,0
72,729,0.00,0.00,8,2,47,50,47,0,13881,0
72,730,0.00,0.00,8,2,47,50,47,0,14683,0
72,731,0.00,0.00,8,2,47,50,46,0,14683,1
72,732,0.00,0.00,8,2,47,50,46,0,14683,0
72,733,0.00,0.00,8,2,47,50,46,0,14683,0
72,734,0.00,0.00,8,2,47,50,46,0,14683,0
72,735,0.00,0.00,8,2,47,50,46,0,14684,1
72,736,0.00,0.00,8,2,47,67,50,0,14687,98
72,737,0.00,0.00,8,2,49,64,48,0,14687,0
78,738,0.00,166.03,8,2,55,68,52,0,14759,0
83,739,0.00,176.10,8,2,58,74,56,0,14759,0
89,740,0.00,176.03,8,2,60,73,59,0,14759,0
94,741,0.00,175.57,8,2,63,78,61,0,14759,0
99,742,0.00,175.76,8,2,65,81,63,0,14759,0
105,743,0.00,175.69,8,2,66,83,64,0,14759,0
110,744,0.00,175.48,8,2,67,83,64,0,14759,0
115,745,0.00,174.98,8,2,68,85,66,0,14759,0
121,746,0.00,175.42,8,2,68,85,67,0,14759,0
126,747,0.00,175.17,8,2,70,87,68,0,14759,0
131,748,0.00,174.84,8,2,70,88,68,0,14759,0
137,749,0.00,174.30,8,2,70,88,69,0,14759,0
142,750,0.00,173.75,8,2,71,89,69,0,14759,0
148,751,0.00,173.20,8,2,72,89,70,0,14759,0
153,752,0.00,172.92,8,2,72,89,70,0,14759,0
159,753,0.00,172.35,8,2,73,90,71,0,14759,0
164,754,0.00,171.87,8,2,73,89,70,0,14759,0
170,755,0.00,171.49,8,2,73,90,71,0,14759,0
175,756,0.00,171.12,8,2,73,90,71,0,14759,0
181,757,0.00,171.04,8,2,73,92,71,0,14759,0
186,758,0.00,170.58,8,2,74,91,72,0,14759,0
192,759,0.00,170.30,8,2,74,90,71,0,14759,0
197,760,0.00,170.30,8,2,73,90,71,0,14759,0
203,761,0.00,169.92,8,2,74,91,72,0,14759,0
208,762,0.00,169.70,8,2,74,90,71,0,14759,0
214,763,0.00,169.17,8,2,75,91,72,0,14759,0
219,764,0.00,169.22,8,2,75,92,72,0,14759,0
225,765,0.00,168.83,8,2,74,91,72,0,14759,0
231,766,0.00,168.76,8,2,74,91,73,0,14759,0
236,767,0.00,168.72,8,2,75,93,73,0,14759,0
242,768,0.00,168.34,8,2,75,91,72,0,14759,0
247,769,0.00,168.38,8,2,75,92,72,0,14759,0
253,770,0.00,168.12,8,2,75,92,73,0,14759,0
258,771,0.00,167.92,8,2,75,93,73,0,14759,0
264,772,0.00,167.56,8,2,75,93,73,0,14759,0
270,773,0.00,167.43,8,2,75,91,73,0,14759,0
275,774,0.00,167.30,8,2,76,93,73,0,14759,0
281,775,0.00,167.31,8,2,75,93,73,0,14759,0
286,776,0.00,166.71,8,2,75,92,73,0,14759,0
292,777,0.00,166.61,8,2,75,93,73,0,14759,0
298,778,0.00,166.74,8,2,76,93,73,0,14759,0
303,779,0.00,166.85,8,2,75,93,74,0,14759,0
309,780,0.00,166.56,8,2,76,94,73,0,14759,0
315,781,0.00,166.34,8,2,76,93,73,0,14759,0
320,782,0.00,166.28,8,2,75,93,74,0,14759,0
326,783,0.00,166.06,8,2,75,93,74,0,14759,0
332,784,0.00,166.22,8,2,75,93,74,0,14759,0
337,785,0.00,166.26,8,2,76,92,74,0,14759,0
343,786,0.00,166.27,8,2,76,92,74,0,14759,0
349,787,0.00,166.13,8,2,76,93,74,0,14759,0
354,788,0.00,165.97,8,2,76,94,74,0,14759,0
360,789,0.00,165.50,8,2,76,94,74,0,14759,0
366,790,0.00,165.87,8,2,76,93,73,0,14759,0
371,791,0.00,165.67,8,2,75,94,74,0,14759,0
377,792,0.00,165.63,8,2,76,92,73,0,14759,0
383,793,0.00,165.12,8,2,76,94,73,0,14759,0
388,794,0.00,165.52,8,2,76,92,74,0,14759,0
394,795,0.00,165.30,8,2,76,93,74,0,14759,0
400,796,0.00,165.80,8,2,76,94,74,0,14759,0
405,797,0.00,165.86,8,2,76,93,74,0,14759,0
411,798,0.00,165.76,8,2,75,92,74,0,14759,0
417,799,0.00,166.19,8,2,75,93,73,0,14759,0
422,800,0.00,166.43,8,2,76,93,73,0,14759,0
428,801,0.00,166.42,8,2,75,94,74,0,14759,0
434,802,0.00,166.78,8,2,75,93,73,0,14759,0
439,803,0.00,166.72,8,2,76,94,74,0,14759,0
445,804,0.00,166.45,8,2,75,93,74,0,14759,0
450,805,0.00,166.63,8,2,76,93,73,0,14759,0
456,806,0.00,166.40,8,2,76,93,74,0,14759,0
462,807,0.00,166.12,8,2,75,93,74,0,14759,0
467,808,0.00,166.38,8,2,76,94,74,0,14759,0
473,809,0.00,166.03,8,2,76,94,74,0,14759,0
479,810,0.00,166.08,8,2,76,94,73,0,14759,0
484,811,0.00,166.13,8,2,75,93,73,0,14759,0
490,812,0.00,166.32,8,2,75,93,74,0,14759,0
496,813,0.00,166.05,8,2,76,93,73,0,14759,0
501,814,0.00,166.23,8,2,75,92,74,0,14759,0
507,815,0.00,166.31,8,2,76,93,74,0,14759,0
513,816,0.00,166.36,8,2,75,92,74,0,14759,0
518,817,0.00,166.36,8,2,76,93,74,0,14759,0
524,818,0.00,166.71,8,2,75,93,74,0,14759,0
530,819,0.00,166.58,8,2,75,93,73,0,14759,0
535,820,0.00,166.52,8,2,76,92,74,0,14759,0
541,821,0.00,166.13,8,2,76,94,74,0,14759,0
547,822,0.00,166.37,8,2,76,93,74,0,14759,0
552,823,0.00,166.39,8,2,75,92,73,0,14759,0
558,824,0.00,166.31,8,2,76,92,74,0,14759,0
563,825,0.00,166.49,8,2,76,93,74,0,14759,0
569,826,0.00,166.83,8,2,76,92,73,0,14759,0
575,827,0.00,166.37,8,2,75,91,73,0,14759,0
580,828,0.00,166.10,8,2,75,93,74,0,14759,0
587,829,0.00,166.65,8,2,74,86,72,0,14760,0
593,830,0.00,166.87,8,2,75,93,74,0,14760,0
598,831,0.00,166.61,8,2,75,92,74,0,14760,0
604,832,0.00,166.78,8,2,75,92,74,0,14760,0
610,833,0.00,166.65,8,2,75,92,73,0,14760,0
