t_sec,iter,decode_ts,prefill_ts,pred_n,sclk_mhz,mclk_mhz,edge_c,junction_c,mem_c,power_w,vram_mb,busy
0,1,0.00,0.00,0,1801,1000,62,65,61,28,99,0
0,2,0.00,0.00,0,1801,1000,62,65,62,28,99,0
0,3,0.00,0.00,0,1801,1000,62,65,61,27,99,0
0,4,0.00,0.00,0,1801,1000,62,65,62,27,99,0
0,5,0.00,0.00,0,1801,1000,62,65,61,27,99,0
0,6,0.00,0.00,0,1801,1000,62,65,61,27,99,0
0,7,0.00,0.00,0,1801,1000,61,65,61,27,99,0
0,8,0.00,0.00,0,1801,1000,61,65,61,27,99,0
0,9,0.00,0.00,0,1801,1000,62,65,61,27,99,0
0,10,0.00,0.00,0,1801,1000,62,65,61,27,99,0
1,11,0.00,0.00,0,1801,1000,62,65,61,27,99,0
1,12,0.00,0.00,0,1801,1000,62,65,61,27,99,0
1,13,0.00,0.00,0,1801,1000,62,65,61,27,99,0
1,14,0.00,0.00,0,1801,1000,61,65,61,27,99,0
1,15,0.00,0.00,0,1801,1000,62,65,61,27,99,0
1,16,0.00,0.00,0,1801,1000,62,64,61,27,99,0
1,17,0.00,0.00,0,1801,1000,61,64,61,27,99,0
1,18,0.00,0.00,0,1801,1000,62,64,61,27,99,0
1,19,0.00,0.00,0,1801,1000,61,64,61,27,99,0
1,20,0.00,0.00,0,1801,1000,62,64,61,27,99,0
1,21,0.00,0.00,0,1801,1000,62,64,61,27,99,0
1,22,0.00,0.00,0,1801,1000,62,64,61,27,99,0
1,23,0.00,0.00,0,1801,1000,61,64,61,27,99,0
2,24,0.00,0.00,0,1801,1000,61,64,61,27,99,0
2,25,0.00,0.00,0,1801,1000,61,64,61,27,99,0
2,26,0.00,0.00,0,1801,1000,61,64,61,27,99,0
2,27,0.00,0.00,0,1801,1000,61,64,61,27,99,0
2,28,0.00,0.00,0,1801,1000,62,64,61,27,99,0
2,29,0.00,0.00,0,1801,1000,61,64,61,27,99,0
2,30,0.00,0.00,0,1801,1000,61,64,61,27,99,0
2,31,0.00,0.00,0,1801,1000,61,64,61,27,99,0
2,32,0.00,0.00,0,1801,1000,61,64,61,27,99,0
2,33,0.00,0.00,0,1801,1000,61,64,61,27,99,0
2,34,0.00,0.00,0,1801,1000,61,64,61,27,99,0
2,35,0.00,0.00,0,1801,1000,61,64,61,27,99,0
3,36,0.00,0.00,0,1801,1000,61,64,61,27,99,0
3,37,0.00,0.00,0,1801,1000,61,64,61,27,99,0
3,38,0.00,0.00,0,1801,1000,61,64,61,27,99,0
3,39,0.00,0.00,0,1801,1000,61,64,61,27,99,0
3,40,0.00,0.00,0,1801,1000,61,64,61,27,99,0
3,41,0.00,0.00,0,1801,1000,61,64,61,27,99,0
3,42,0.00,0.00,0,1801,1000,61,64,61,27,99,0
3,43,0.00,0.00,0,1801,1000,61,64,61,27,99,0
3,44,0.00,0.00,0,1801,1000,61,64,61,27,99,0
3,45,0.00,0.00,0,1801,1000,61,64,60,27,99,0
3,46,0.00,0.00,0,1801,1000,61,64,61,27,99,0
3,47,0.00,0.00,0,1801,1000,61,64,60,27,99,0
4,48,0.00,0.00,0,1801,1000,61,64,60,27,99,0
4,49,0.00,0.00,0,1801,1000,61,64,60,27,99,0
4,50,0.00,0.00,0,1801,1000,61,64,60,27,99,0
4,51,0.00,0.00,0,1801,1000,60,64,60,27,99,0
4,52,0.00,0.00,0,1801,1000,61,64,61,27,99,0
4,53,0.00,0.00,0,1801,1000,61,64,60,27,99,0
4,54,0.00,0.00,0,1801,1000,61,64,60,28,99,0
4,55,0.00,0.00,0,1801,1000,61,64,60,28,99,0
4,56,0.00,0.00,0,1801,1000,61,64,60,28,99,0
4,57,0.00,0.00,0,1801,1000,61,64,60,28,99,0
4,58,0.00,0.00,0,1801,1000,61,63,60,28,99,0
4,59,0.00,0.00,0,1801,1000,61,63,60,28,99,0
4,60,0.00,0.00,0,1801,1000,60,64,60,28,99,0
5,61,0.00,0.00,0,1801,1000,61,64,60,28,99,0
5,62,0.00,0.00,0,1801,1000,61,64,60,27,99,0
5,63,0.00,0.00,0,1801,1000,60,64,60,27,99,0
5,64,0.00,0.00,0,1801,1000,61,63,60,27,99,0
5,65,0.00,0.00,0,1801,1000,60,63,60,27,99,0
5,66,0.00,0.00,0,1801,1000,61,63,60,27,99,0
5,67,0.00,0.00,0,1801,1000,60,63,60,27,99,0
5,68,0.00,0.00,0,1801,1000,61,63,60,27,99,0
5,69,0.00,0.00,0,1801,1000,61,63,60,27,99,0
5,70,0.00,0.00,0,1801,1000,61,63,60,27,99,0
5,71,0.00,0.00,0,1801,1000,60,63,60,27,99,0
5,72,0.00,0.00,0,1801,1000,60,63,60,27,99,0
6,73,0.00,0.00,0,1801,1000,61,63,60,27,99,0
6,74,0.00,0.00,0,1801,1000,60,63,60,27,99,0
6,75,0.00,0.00,0,1801,1000,60,63,60,27,99,0
6,76,0.00,0.00,0,1801,1000,61,63,60,27,99,0
6,77,0.00,0.00,0,1801,1000,60,63,60,27,99,0
6,78,0.00,0.00,0,1801,1000,60,63,60,27,99,0
6,79,0.00,0.00,0,1801,1000,60,63,60,27,99,0
6,80,0.00,0.00,0,1801,1000,61,63,60,27,99,0
6,81,0.00,0.00,0,1801,1000,60,63,60,27,99,0
6,82,0.00,0.00,0,1801,1000,60,63,60,27,99,0
6,83,0.00,0.00,0,1801,1000,60,63,60,27,99,0
6,84,0.00,0.00,0,1801,1000,60,63,60,27,99,0
6,85,0.00,0.00,0,1801,1000,60,63,60,27,99,0
7,86,0.00,0.00,0,1801,1000,60,63,60,27,99,0
7,87,0.00,0.00,0,1801,1000,60,63,60,27,99,0
7,88,0.00,0.00,0,1801,1000,60,63,60,27,99,0
7,89,0.00,0.00,0,1801,1000,60,63,60,27,99,0
7,90,0.00,0.00,0,1801,1000,60,63,60,27,99,0
7,91,0.00,0.00,0,1801,1000,60,63,60,27,99,0
7,92,0.00,0.00,0,1801,1000,60,63,60,27,99,0
7,93,0.00,0.00,0,1801,1000,60,63,60,27,99,0
7,94,0.00,0.00,0,1801,1000,60,63,60,27,99,0
7,95,0.00,0.00,0,1801,1000,60,63,60,27,99,0
7,96,0.00,0.00,0,1801,1000,60,63,60,27,99,0
7,97,0.00,0.00,0,1801,1000,60,63,60,27,99,0
8,98,0.00,0.00,0,1801,1000,60,63,60,27,99,0
8,99,0.00,0.00,0,1801,1000,60,63,60,27,99,0
8,100,0.00,0.00,0,1801,1000,60,63,60,27,99,0
8,101,0.00,0.00,0,1801,1000,60,63,60,27,99,0
8,102,0.00,0.00,0,1801,1000,60,63,60,27,99,0
8,103,0.00,0.00,0,1801,1000,60,63,59,27,99,0
8,104,0.00,0.00,0,1801,1000,60,63,59,27,99,0
8,105,0.00,0.00,0,1801,1000,60,63,59,28,99,0
8,106,0.00,0.00,0,1801,1000,60,63,60,28,99,0
8,107,0.00,0.00,0,1801,1000,60,63,59,27,99,0
8,108,0.00,0.00,0,1801,1000,60,63,59,27,99,0
8,109,0.00,0.00,0,1801,1000,60,62,59,27,99,0
8,110,0.00,0.00,0,1801,1000,60,63,60,27,99,0
9,111,0.00,0.00,0,1801,1000,60,63,59,27,99,0
9,112,0.00,0.00,0,1801,1000,60,62,59,27,99,0
9,113,0.00,0.00,0,1801,1000,60,63,59,27,99,0
9,114,0.00,0.00,0,1801,1000,60,63,59,27,99,0
9,115,0.00,0.00,0,1801,1000,60,62,59,27,99,0
9,116,0.00,0.00,0,1801,1000,60,63,59,27,99,0
9,117,0.00,0.00,0,1801,1000,60,62,59,27,99,0
9,118,0.00,0.00,0,1801,1000,60,63,59,27,99,0
9,119,0.00,0.00,0,1801,1000,59,63,59,27,99,0
9,120,0.00,0.00,0,1801,1000,59,62,59,27,99,0
9,121,0.00,0.00,0,1801,1000,60,62,59,27,99,0
9,122,0.00,0.00,0,1801,1000,59,63,59,27,99,0
10,123,0.00,0.00,0,1801,1000,59,63,59,27,99,0
10,124,0.00,0.00,0,1801,1000,60,62,59,27,99,0
10,125,0.00,0.00,0,1801,1000,59,62,59,27,99,0
10,126,0.00,0.00,0,1801,1000,59,63,59,27,99,0
10,127,0.00,0.00,0,1801,1000,59,62,59,27,99,0
10,128,0.00,0.00,0,1801,1000,59,62,59,27,99,0
10,129,0.00,0.00,0,1801,1000,59,62,59,27,99,0
10,130,0.00,0.00,0,1801,1000,59,62,59,27,99,0
10,131,0.00,0.00,0,1801,1000,60,62,59,27,99,0
10,132,0.00,0.00,0,1801,1000,60,62,59,27,99,0
10,133,0.00,0.00,0,1801,1000,60,62,59,27,99,0
10,134,0.00,0.00,0,1801,1000,59,62,59,27,99,0
10,135,0.00,0.00,0,1801,1000,60,62,59,27,99,0
11,136,0.00,0.00,0,1801,1000,59,62,59,27,99,0
11,137,0.00,0.00,0,1801,1000,59,62,59,27,99,0
11,138,0.00,0.00,0,1801,1000,59,62,59,27,99,0
11,139,0.00,0.00,0,1801,1000,59,62,59,27,99,0
11,140,0.00,0.00,0,1801,1000,59,62,59,27,99,0
11,141,0.00,0.00,0,1801,1000,60,62,59,27,99,0
11,142,0.00,0.00,0,1801,1000,60,62,59,27,99,0
11,143,0.00,0.00,0,1801,1000,59,62,59,27,99,0
11,144,0.00,0.00,0,1801,1000,60,62,59,27,99,0
11,145,0.00,0.00,0,1801,1000,59,62,59,27,99,0
11,146,0.00,0.00,0,1801,1000,59,62,59,27,99,0
11,147,0.00,0.00,0,1801,1000,59,62,59,27,99,0
12,148,0.00,0.00,0,1801,1000,59,62,59,27,99,0
12,149,0.00,0.00,0,1801,1000,59,62,59,27,99,0
12,150,0.00,0.00,0,1801,1000,59,62,59,27,99,0
12,151,0.00,0.00,0,1801,1000,59,62,59,27,99,0
12,152,0.00,0.00,0,1801,1000,60,62,59,27,99,0
12,153,0.00,0.00,0,1801,1000,59,62,59,27,99,0
12,154,0.00,0.00,0,1801,1000,59,62,59,27,99,0
12,155,0.00,0.00,0,1801,1000,59,62,59,27,99,0
12,156,0.00,0.00,0,1801,1000,59,62,59,27,99,0
12,157,0.00,0.00,0,1801,1000,59,62,59,27,99,0
12,158,0.00,0.00,0,1801,1000,59,62,59,27,99,0
12,159,0.00,0.00,0,1801,1000,59,62,59,27,99,0
12,160,0.00,0.00,0,1801,1000,59,62,59,27,99,0
13,161,0.00,0.00,0,1801,1000,59,62,59,27,99,0
13,162,0.00,0.00,0,1801,1000,59,62,59,27,99,0
13,163,0.00,0.00,0,1801,1000,59,62,59,27,99,0
13,164,0.00,0.00,0,1801,1000,59,62,59,27,99,0
13,165,0.00,0.00,0,1801,1000,59,62,58,27,99,0
13,166,0.00,0.00,0,1801,1000,59,62,58,27,99,0
13,167,0.00,0.00,0,1801,1000,59,62,58,27,99,0
13,168,0.00,0.00,0,1801,1000,59,62,59,27,99,0
13,169,0.00,0.00,0,1801,1000,59,62,59,27,99,0
14,170,0.00,0.00,0,1801,1000,59,62,58,27,99,0
16,171,0.00,0.00,0,1801,1000,58,61,58,27,99,0
17,172,0.00,0.00,0,1801,1000,58,61,58,27,99,0
17,173,0.00,0.00,0,1801,1000,58,61,58,27,99,0
17,174,0.00,0.00,0,1801,1000,58,61,58,27,99,0
17,175,0.00,0.00,0,1801,1000,59,61,58,27,99,0
17,176,0.00,0.00,0,1801,1000,59,61,58,27,99,0
17,177,0.00,0.00,0,1801,1000,58,61,58,27,99,0
17,178,0.00,0.00,0,1801,1000,58,61,58,27,99,0
18,179,0.00,0.00,0,1801,1000,58,61,58,27,99,0
18,180,0.00,0.00,0,1801,1000,58,61,58,27,99,0
18,181,0.00,0.00,0,1801,1000,58,61,58,27,99,0
18,182,0.00,0.00,0,1801,1000,58,61,58,27,99,0
18,183,0.00,0.00,0,1801,1000,58,61,58,27,99,0
18,184,0.00,0.00,0,1801,1000,58,61,58,27,99,0
18,185,0.00,0.00,0,1801,1000,59,61,58,27,99,0
18,186,0.00,0.00,0,1801,1000,58,61,58,27,99,0
18,187,0.00,0.00,0,1801,1000,59,61,58,27,99,0
18,188,0.00,0.00,0,1801,1000,58,61,58,27,99,0
18,189,0.00,0.00,0,1801,1000,58,61,58,27,99,0
18,190,0.00,0.00,0,1801,1000,58,61,58,27,99,0
19,191,0.00,0.00,0,1801,1000,58,61,58,27,99,0
19,192,0.00,0.00,0,1801,1000,58,61,58,27,99,0
19,193,0.00,0.00,0,1801,1000,58,61,58,27,99,0
19,194,0.00,0.00,0,1801,1000,58,61,58,27,99,0
19,195,0.00,0.00,0,1801,1000,58,61,58,27,99,0
19,196,0.00,0.00,0,1801,1000,58,61,58,27,99,0
19,197,0.00,0.00,0,1801,1000,58,61,58,27,99,0
19,198,0.00,0.00,0,1801,1000,58,61,58,27,99,0
19,199,0.00,0.00,0,1801,1000,57,60,58,27,99,0
19,200,0.00,0.00,0,1801,1000,58,61,58,27,99,0
19,201,0.00,0.00,0,1801,1000,58,61,58,27,99,0
19,202,0.00,0.00,0,1801,1000,58,61,58,27,99,0
20,203,0.00,0.00,0,1801,1000,58,61,58,27,99,0
20,204,0.00,0.00,0,1801,1000,58,61,58,27,99,0
20,205,0.00,0.00,0,1801,1000,58,61,57,27,1120,0
20,206,0.00,0.00,0,1801,1000,58,61,58,27,13880,0
20,207,0.00,0.00,0,1801,1000,58,61,58,27,13881,0
20,208,0.00,0.00,0,1801,1000,57,61,58,27,13881,0
20,209,0.00,0.00,0,1801,1000,58,61,58,27,13881,0
20,210,0.00,0.00,0,1801,1000,58,60,58,27,13881,0
20,211,0.00,0.00,0,1801,1000,58,61,57,27,13881,0
20,212,0.00,0.00,0,1801,1000,58,61,57,27,13881,0
20,213,0.00,0.00,0,1801,1000,57,61,58,27,13881,0
21,214,0.00,0.00,0,1801,1000,58,61,58,27,13881,0
21,215,0.00,0.00,0,1801,1000,58,61,57,27,13881,0
21,216,0.00,0.00,0,1801,1000,58,60,57,27,13881,0
21,217,0.00,0.00,0,1801,1000,58,61,57,27,13881,0
21,218,0.00,0.00,0,1801,1000,58,61,57,27,13881,0
21,219,0.00,0.00,0,1801,1000,58,60,57,27,13881,0
21,220,0.00,0.00,0,1801,1000,57,60,57,27,13881,0
21,221,0.00,0.00,0,1801,1000,58,61,57,27,13881,0
21,222,0.00,0.00,0,1801,1000,57,60,57,27,13881,0
22,223,0.00,0.00,0,1801,1000,58,60,57,27,13881,0
22,224,0.00,0.00,0,1801,1000,58,60,57,27,13881,0
22,225,0.00,0.00,0,1801,1000,57,61,57,27,13881,0
22,226,0.00,0.00,0,1801,1000,57,61,57,27,13881,0
22,227,0.00,0.00,0,1801,1000,57,60,57,27,13881,0
22,228,0.00,0.00,0,1801,1000,57,60,57,27,13881,0
22,229,0.00,0.00,0,1801,1000,57,60,57,27,13881,0
22,230,0.00,0.00,0,1801,1000,58,67,57,81,13881,100
22,231,0.00,0.00,0,1801,1000,58,64,57,27,13881,5
23,232,0.00,0.00,0,1801,1000,58,62,58,38,13882,0
23,233,0.00,0.00,0,1801,1000,58,62,57,28,13882,0
23,234,0.00,0.00,0,1801,1000,58,62,57,27,13882,0
23,235,0.00,0.00,0,1801,1000,58,61,57,27,13882,0
23,236,0.00,0.00,0,1801,1000,58,61,57,28,13882,0
23,237,0.00,0.00,0,1801,1000,57,62,57,28,13882,0
23,238,0.00,0.00,0,1801,1000,57,61,57,27,13882,0
23,239,0.00,0.00,0,1801,1000,57,61,57,27,13882,0
23,240,0.00,0.00,0,1801,1000,57,61,57,27,13882,86
23,241,0.00,0.00,0,1801,1000,57,61,57,27,13882,0
23,242,0.00,0.00,0,1801,1000,57,61,57,27,13882,0
24,243,0.00,0.00,0,1801,1000,58,61,57,28,13882,0
24,244,0.00,0.00,0,1801,1000,57,62,57,27,13882,0
24,245,0.00,0.00,0,1801,1000,58,62,57,28,13882,0
24,246,0.00,0.00,0,1801,1000,58,61,57,28,13882,0
24,247,0.00,0.00,0,1801,1000,58,61,57,27,13882,0
24,248,0.00,0.00,0,1801,1000,57,61,57,78,13882,1
24,249,0.00,0.00,0,1801,1000,57,62,57,27,13882,0
24,250,0.00,0.00,0,1801,1000,58,62,57,62,13882,0
24,251,0.00,0.00,0,1801,1000,57,61,57,27,13882,0
24,252,0.00,0.00,0,1801,1000,58,61,57,27,13882,0
24,253,0.00,0.00,0,1801,1000,58,61,57,27,13882,0
24,254,0.00,0.00,0,1801,1000,57,61,57,27,13882,0
25,255,0.00,0.00,0,1801,1000,58,61,57,27,13882,0
25,256,0.00,0.00,0,1801,1000,57,60,57,28,13882,0
25,257,0.00,0.00,0,1801,1000,57,63,57,28,13882,0
25,258,0.00,0.00,0,1801,1000,57,61,57,27,13882,0
25,259,0.00,0.00,0,1801,1000,57,61,57,44,13882,5
25,260,0.00,0.00,0,1801,1000,57,61,57,27,13882,0
25,261,0.00,0.00,0,1801,1000,58,62,57,28,13882,0
25,262,0.00,0.00,0,1801,1000,57,61,57,27,13882,18
25,263,0.00,0.00,0,1801,1000,57,61,57,27,13882,0
25,264,0.00,0.00,0,1801,1000,57,61,57,28,13882,0
25,265,0.00,0.00,0,1801,1000,57,62,57,27,13882,0
25,266,0.00,0.00,0,1801,1000,57,61,57,27,13882,0
26,267,0.00,0.00,0,1801,1000,57,61,57,27,13882,0
26,268,0.00,0.00,0,1801,1000,57,61,57,27,13882,0
26,269,0.00,0.00,0,1801,1000,57,61,57,27,13882,0
26,270,0.00,0.00,0,1801,1000,58,61,57,27,13882,40
26,271,0.00,0.00,0,1801,1000,57,62,57,43,13882,0
26,272,0.00,0.00,0,1801,1000,57,61,57,27,13882,0
26,273,0.00,0.00,0,1801,1000,57,61,57,27,13882,86
26,274,0.00,0.00,0,1801,1000,57,61,57,27,13882,0
26,275,0.00,0.00,0,1801,1000,57,61,57,27,13882,0
26,276,0.00,0.00,0,1801,1000,57,61,57,27,13882,0
26,277,0.00,0.00,0,1801,1000,57,61,57,27,13882,0
26,278,0.00,0.00,0,1801,1000,57,61,57,28,13882,0
27,279,0.00,0.00,0,1801,1000,57,61,57,27,13882,0
27,280,0.00,0.00,0,1801,1000,57,61,57,28,13882,27
27,281,0.00,0.00,0,1801,1000,57,61,57,28,13882,0
27,282,0.00,0.00,0,1801,1000,57,61,57,30,13882,0
27,283,0.00,0.00,0,1801,1000,57,61,57,34,13882,0
27,284,0.00,0.00,0,1801,1000,57,61,57,27,13882,0
27,285,0.00,0.00,0,1801,1000,57,61,57,27,13882,0
27,286,0.00,0.00,0,1801,1000,57,61,57,27,13882,0
27,287,0.00,0.00,0,1801,1000,57,61,57,27,13882,0
27,288,0.00,0.00,0,1801,1000,57,60,57,27,13882,0
27,289,0.00,0.00,0,1801,1000,57,61,57,27,13882,0
27,290,0.00,0.00,0,1801,1000,57,60,57,27,13882,0
28,291,0.00,0.00,0,1801,1000,57,60,57,27,13882,0
28,292,0.00,0.00,0,1801,1000,57,61,57,27,13882,0
28,293,0.00,0.00,0,1801,1000,57,61,57,27,13882,0
28,294,0.00,0.00,0,1801,1000,57,60,57,27,13882,0
28,295,0.00,0.00,0,1801,1000,57,60,57,27,13882,0
28,296,0.00,0.00,0,1801,1000,57,60,57,27,13882,0
28,297,0.00,0.00,0,1801,1000,56,61,57,27,13882,0
28,298,0.00,0.00,0,1801,1000,57,60,57,37,13882,0
28,299,0.00,0.00,0,1801,1000,57,60,57,78,13882,0
28,300,0.00,0.00,0,1801,1000,57,60,57,27,13882,0
28,301,0.00,0.00,0,1801,1000,57,60,57,27,13882,0
28,302,0.00,0.00,0,1801,1000,57,60,57,27,13882,0
29,303,0.00,0.00,0,1801,1000,57,60,57,30,13882,0
29,304,0.00,0.00,0,1801,1000,57,60,57,27,13882,81
29,305,0.00,0.00,0,1801,1000,57,60,57,27,13882,67
29,306,0.00,0.00,0,1801,1000,57,60,57,27,13882,0
29,307,0.00,0.00,0,1801,1000,57,60,57,27,13882,2
29,308,0.00,0.00,0,1801,1000,57,60,57,27,13882,0
29,309,0.00,0.00,0,1801,1000,57,60,57,27,13882,0
29,310,0.00,0.00,0,1801,1000,57,61,57,28,13882,0
29,311,0.00,0.00,0,1801,1000,57,61,57,27,13882,0
29,312,0.00,0.00,0,1801,1000,57,60,57,27,13882,0
29,313,0.00,0.00,0,1801,1000,57,60,57,27,13882,0
29,314,0.00,0.00,0,1801,1000,57,61,57,27,13882,0
30,315,0.00,0.00,0,1801,1000,57,60,57,27,13882,0
30,316,0.00,0.00,0,1801,1000,57,60,57,29,13882,0
30,317,0.00,0.00,0,1801,1000,57,62,57,27,13882,0
31,318,0.00,0.00,0,1801,1000,57,60,57,27,13882,0
31,319,0.00,0.00,0,1801,1000,57,60,57,30,13882,0
31,320,0.00,0.00,0,1801,1000,57,60,57,27,13882,0
31,321,0.00,0.00,0,1801,1000,56,60,57,47,13882,9
32,322,0.00,0.00,0,1801,1000,57,60,57,27,13882,0
32,323,0.00,0.00,0,1801,1000,57,60,57,27,13882,0
32,324,0.00,0.00,0,1801,1000,57,61,57,27,13882,0
32,325,0.00,0.00,0,1801,1000,57,60,57,27,13882,0
32,326,0.00,0.00,0,1801,1000,57,60,57,27,13882,0
32,327,0.00,0.00,0,1801,1000,57,60,57,27,13882,0
32,328,0.00,0.00,0,1801,1000,57,60,57,27,13882,0
32,329,0.00,0.00,0,1801,1000,57,60,57,27,13882,0
32,330,0.00,0.00,0,1801,1000,57,61,57,27,13882,0
32,331,0.00,0.00,0,1801,1000,57,62,57,27,13882,0
32,332,0.00,0.00,0,1801,1000,57,60,57,32,13882,0
33,333,0.00,0.00,0,1801,1000,57,60,57,27,13882,0
33,334,0.00,0.00,0,1801,1000,57,61,57,27,13882,0
33,335,0.00,0.00,0,1801,1000,57,62,57,27,13882,0
33,336,0.00,0.00,0,1801,1000,57,60,56,27,13882,0
33,337,0.00,0.00,0,1801,1000,57,60,57,27,13882,0
33,338,0.00,0.00,0,1801,1000,57,61,57,27,13882,0
33,339,0.00,0.00,0,1801,1000,57,60,57,27,13882,0
33,340,0.00,0.00,0,1801,1000,57,60,57,27,13882,0
33,341,0.00,0.00,0,1801,1000,57,60,57,28,13882,0
34,342,0.00,0.00,0,1801,1000,57,60,57,27,13882,0
34,343,0.00,0.00,0,1801,1000,56,60,57,27,13882,0
34,344,0.00,0.00,0,1801,1000,57,60,57,28,13882,0
34,345,0.00,0.00,0,1801,1000,56,60,57,27,13882,0
34,346,0.00,0.00,0,1801,1000,57,60,56,27,13882,0
34,347,0.00,0.00,0,1801,1000,56,60,56,27,13882,0
34,348,0.00,0.00,0,1801,1000,56,60,56,27,13882,0
34,349,0.00,0.00,0,1801,1000,56,60,57,27,13882,0
34,350,0.00,0.00,0,1801,1000,57,61,56,27,13882,0
34,351,0.00,0.00,0,1801,1000,57,60,57,27,13882,0
35,352,0.00,0.00,0,1801,1000,57,60,57,28,13882,0
35,353,0.00,0.00,0,1801,1000,56,60,56,27,13882,0
35,354,0.00,0.00,0,1801,1000,57,60,56,27,13882,0
35,355,0.00,0.00,0,1801,1000,57,60,57,27,13882,0
35,356,0.00,0.00,0,1801,1000,56,60,56,28,13882,0
35,357,0.00,0.00,0,1801,1000,57,62,56,28,13882,0
35,358,0.00,0.00,0,1801,1000,57,60,56,28,13882,0
35,359,0.00,0.00,0,1801,1000,57,60,57,27,13882,0
35,360,0.00,0.00,0,1801,1000,56,60,57,27,13882,0
35,361,0.00,0.00,0,1801,1000,56,60,56,30,13882,0
36,362,0.00,0.00,0,1801,1000,57,60,56,27,13882,0
36,363,0.00,0.00,0,1801,1000,56,61,56,27,13882,0
36,364,0.00,0.00,0,1801,1000,57,60,56,27,13882,0
36,365,0.00,0.00,0,1801,1000,56,61,56,27,13882,0
36,366,0.00,0.00,0,1801,1000,57,60,56,27,13882,0
36,367,0.00,0.00,0,1801,1000,57,60,56,27,13882,0
36,368,0.00,0.00,0,1801,1000,57,61,56,27,13882,0
36,369,0.00,0.00,0,1801,1000,57,60,56,29,13882,0
36,370,0.00,0.00,0,1801,1000,56,61,56,27,13882,0
36,371,0.00,0.00,0,1801,1000,56,60,56,27,13882,86
37,372,0.00,0.00,0,1801,1000,57,60,56,27,13882,0
37,373,0.00,0.00,0,1801,1000,57,64,56,72,13882,29
37,374,0.00,0.00,0,1801,1000,57,63,56,41,13882,97
37,375,0.00,0.00,0,1801,1000,57,65,57,27,13882,7
37,376,0.00,0.00,0,1801,1000,57,62,57,27,13882,0
37,377,0.00,0.00,0,1801,1000,57,62,57,27,13882,0
37,378,0.00,0.00,0,1801,1000,57,61,57,70,13882,1
37,379,0.00,0.00,0,1801,1000,57,62,56,27,13882,0
37,380,0.00,0.00,0,1801,1000,57,61,57,31,13882,0
37,381,0.00,0.00,0,1801,1000,57,61,56,27,13882,0
37,382,0.00,0.00,0,1801,1000,56,60,57,27,13882,0
38,383,0.00,0.00,0,1801,1000,57,61,56,27,13882,0
38,384,0.00,0.00,0,1801,1000,57,63,57,27,13882,0
38,385,0.00,0.00,0,1801,1000,57,61,56,27,13882,0
38,386,0.00,0.00,0,1801,1000,57,61,56,28,13882,0
38,387,0.00,0.00,0,1801,1000,57,61,56,27,13882,88
38,388,0.00,0.00,0,1801,1000,57,60,56,45,13882,0
38,389,0.00,0.00,0,1801,1000,57,60,56,27,13882,0
38,390,0.00,0.00,0,1801,1000,56,61,56,27,13882,0
38,391,0.00,0.00,0,1801,1000,57,61,56,27,13882,0
38,392,0.00,0.00,0,1801,1000,57,61,56,27,13882,77
38,393,0.00,0.00,0,1801,1000,57,60,56,27,13882,0
38,394,0.00,0.00,0,1801,1000,57,60,56,27,13882,34
39,395,0.00,0.00,0,1801,1000,56,60,56,78,13882,0
39,396,0.00,0.00,0,1801,1000,56,61,56,27,13882,0
39,397,0.00,0.00,0,1801,1000,57,60,56,27,13882,0
39,398,0.00,0.00,0,1801,1000,56,60,56,27,13882,0
39,399,0.00,0.00,0,1801,1000,56,61,56,27,13882,0
39,400,0.00,0.00,0,1801,1000,56,60,56,27,13882,0
39,401,0.00,0.00,0,1801,1000,57,61,56,27,13882,33
39,402,0.00,0.00,0,1801,1000,57,60,56,33,13882,0
39,403,0.00,0.00,0,1801,1000,57,60,56,27,13882,0
39,404,0.00,0.00,0,1801,1000,57,61,56,27,13882,0
39,405,0.00,0.00,0,1801,1000,57,60,56,27,13882,63
40,406,0.00,0.00,0,1801,1000,57,60,56,28,13882,2
40,407,0.00,0.00,0,1801,1000,57,60,56,27,13882,53
40,408,0.00,0.00,0,1801,1000,56,60,56,27,13882,0
40,409,0.00,0.00,0,1801,1000,56,60,56,27,13882,0
40,410,0.00,0.00,0,1801,1000,57,60,56,29,13882,1
40,411,0.00,0.00,0,1801,1000,56,60,56,57,13882,17
40,412,0.00,0.00,0,1801,1000,56,60,56,28,13882,0
40,413,0.00,0.00,0,1801,1000,56,60,56,27,13882,51
40,414,0.00,0.00,0,1801,1000,56,61,56,28,13882,0
40,415,0.00,0.00,0,1801,1000,56,60,56,27,13882,0
40,416,0.00,0.00,0,1801,1000,56,60,56,28,13882,0
40,417,0.00,0.00,0,1801,1000,56,60,56,38,13882,0
41,418,0.00,0.00,0,1801,1000,56,61,56,28,13882,0
41,419,0.00,0.00,0,1801,1000,57,60,56,39,13882,43
41,420,0.00,0.00,0,1801,1000,57,60,56,27,13882,0
41,421,0.00,0.00,0,1801,1000,57,60,56,27,13882,0
41,422,0.00,0.00,0,1801,1000,57,60,56,27,13882,61
41,423,0.00,0.00,0,1801,1000,57,60,56,27,13882,19
41,424,0.00,0.00,0,1801,1000,57,60,56,27,13882,0
41,425,0.00,0.00,0,1801,1000,57,60,56,27,13882,0
41,426,0.00,0.00,0,1801,1000,57,60,56,27,13882,0
41,427,0.00,0.00,0,1801,1000,57,60,56,28,13882,0
41,428,0.00,0.00,0,1801,1000,57,61,56,28,13882,0
41,429,0.00,0.00,0,1801,1000,56,60,56,27,13882,0
42,430,0.00,0.00,0,1801,1000,57,61,56,28,13882,59
42,431,0.00,0.00,0,1801,1000,57,60,56,28,13882,0
42,432,0.00,0.00,0,1801,1000,57,60,56,27,13882,0
42,433,0.00,0.00,0,1801,1000,56,62,56,27,13882,0
42,434,0.00,0.00,0,1801,1000,57,62,56,27,13882,0
42,435,0.00,0.00,0,1801,1000,57,60,56,27,13882,0
42,436,0.00,0.00,0,1801,1000,57,60,56,28,13882,0
42,437,0.00,0.00,0,1801,1000,57,60,56,28,13882,0
42,438,0.00,0.00,0,1801,1000,57,60,56,27,13882,0
42,439,0.00,0.00,0,1801,1000,57,60,56,28,13882,0
42,440,0.00,0.00,0,1801,1000,57,62,56,28,13882,0
43,441,0.00,0.00,0,1801,1000,56,61,56,28,13882,0
43,442,0.00,0.00,0,1801,1000,56,60,56,27,13882,0
43,443,0.00,0.00,0,1801,1000,57,61,56,53,13882,0
43,444,0.00,0.00,0,1801,1000,57,60,56,27,13882,97
43,445,0.00,0.00,0,1801,1000,57,60,56,27,13882,0
44,446,0.00,0.00,0,1801,1000,56,60,56,27,13882,0
44,447,0.00,0.00,0,1801,1000,56,60,56,27,13882,0
44,448,0.00,0.00,0,1801,1000,56,61,56,27,13882,0
44,449,0.00,0.00,0,1801,1000,57,60,56,46,13882,0
44,450,0.00,0.00,0,1801,1000,56,60,56,75,13882,0
44,451,0.00,0.00,0,1801,1000,57,60,56,27,13882,0
44,452,0.00,0.00,0,1801,1000,56,60,56,28,13882,42
44,453,0.00,0.00,0,1801,1000,57,60,56,31,13882,0
44,454,0.00,0.00,0,1801,1000,57,60,56,27,13882,0
45,455,0.00,0.00,0,1801,1000,57,60,56,27,13882,0
45,456,0.00,0.00,0,1801,1000,56,60,56,35,13882,0
45,457,0.00,0.00,0,1801,1000,57,60,56,27,13882,0
45,458,0.00,0.00,0,1801,1000,57,61,56,27,13882,0
45,459,0.00,0.00,0,1801,1000,57,60,56,27,13882,47
45,460,0.00,0.00,0,1801,1000,56,60,56,27,13882,0
45,461,0.00,0.00,0,1801,1000,56,60,56,27,13882,0
45,462,0.00,0.00,0,1801,1000,56,60,56,27,13882,0
45,463,0.00,0.00,0,1801,1000,57,60,56,28,13882,0
45,464,0.00,0.00,0,1801,1000,57,60,56,27,13882,0
46,465,0.00,0.00,0,1801,1000,57,60,56,27,13882,0
46,466,0.00,0.00,0,1801,1000,57,64,56,58,13882,8
46,467,0.00,0.00,0,1801,1000,57,60,56,27,13882,0
46,468,0.00,0.00,0,1801,1000,56,60,56,27,13882,0
46,469,0.00,0.00,0,1801,1000,56,60,56,27,13882,0
46,470,0.00,0.00,0,1801,1000,56,60,56,27,13882,0
46,471,0.00,0.00,0,1801,1000,57,60,56,27,14683,0
46,472,0.00,0.00,0,1801,1000,57,60,56,27,14683,0
46,473,0.00,0.00,0,1801,1000,56,60,56,27,14683,0
47,474,0.00,0.00,0,1801,1000,56,60,56,27,14684,0
47,475,0.00,0.00,0,1801,1000,56,59,56,27,14684,0
47,476,0.00,0.00,0,1801,1000,56,60,56,27,14684,0
47,477,0.00,0.00,0,1801,1000,56,59,56,27,14684,0
47,478,0.00,0.00,0,1801,1000,56,60,56,27,14684,0
47,479,0.00,0.00,0,1801,1000,58,82,59,234,14687,99
47,480,0.00,0.00,0,1801,1000,59,71,58,27,14687,0
53,481,25.56,43.24,128,1801,1000,65,78,64,28,14695,0
59,482,26.16,58.56,128,1801,1000,68,85,68,28,14702,0
64,483,26.05,58.44,128,1801,1000,70,88,70,28,14702,0
70,484,25.93,58.25,128,1801,1000,71,89,71,28,14702,0
75,485,26.11,58.24,128,1801,1000,72,91,72,28,14702,0
81,486,25.88,56.13,128,1801,1000,73,91,73,28,14702,0
86,487,25.94,56.38,128,1801,1000,74,91,73,28,14702,0
92,488,25.66,58.19,128,1801,1000,74,91,74,28,14702,0
98,489,25.59,56.61,128,1801,1000,75,92,74,28,14702,0
103,490,25.67,55.95,128,1801,1000,75,91,74,28,14702,0
109,491,25.81,57.40,128,1801,1000,74,92,74,28,14702,0
114,492,25.50,58.17,128,1801,1000,75,92,74,28,14702,0
120,493,25.41,58.40,128,1801,1000,75,92,75,28,14702,0
126,494,25.39,58.20,128,1801,1000,75,92,75,28,14702,0
131,495,25.34,56.07,128,1801,1000,76,93,75,28,14702,0
137,496,25.42,54.19,128,1801,1000,76,92,76,28,14702,0
143,497,25.26,57.21,128,1801,1000,76,93,76,28,14702,0
148,498,25.27,58.21,128,1801,1000,76,94,76,28,14702,0
154,499,25.23,58.33,128,1801,1000,76,93,76,28,14702,0
160,500,25.26,58.17,128,1801,1000,76,93,75,28,14702,0
165,501,25.19,57.12,128,1801,1000,76,93,76,28,14702,0
171,502,25.20,58.08,128,1801,1000,76,93,76,28,14702,0
177,503,25.12,55.48,128,1801,1000,76,91,76,28,14702,0
182,504,25.10,55.93,128,1801,1000,76,93,76,28,14702,0
188,505,25.19,58.27,128,1801,1000,76,94,76,28,14702,0
194,506,25.29,56.14,128,1801,1000,77,93,76,28,14702,0
200,507,25.10,54.12,128,1801,1000,77,94,77,28,14702,0
205,508,25.18,53.50,128,1801,1000,77,94,77,28,14702,0
211,509,25.25,57.72,128,1801,1000,77,94,76,28,14702,0
217,510,25.21,58.08,128,1801,1000,77,93,76,28,14702,0
222,511,25.11,55.46,128,1801,1000,77,94,76,28,14702,0
228,512,25.24,58.03,128,1801,1000,77,92,77,28,14702,0
234,513,25.18,57.92,128,1801,1000,77,91,76,28,14702,0
239,514,25.14,58.20,128,1801,1000,77,94,76,28,14702,0
245,515,25.17,58.25,128,1801,1000,77,93,77,28,14702,0
251,516,24.99,57.95,128,1801,1000,77,93,77,28,14702,0
257,517,24.96,54.07,128,1801,1000,77,92,77,28,14702,0
262,518,25.05,57.90,128,1801,1000,77,93,77,28,14702,0
268,519,25.13,57.91,128,1801,1000,77,94,76,28,14702,0
274,520,25.09,55.75,128,1801,1000,77,93,77,28,14702,0
279,521,25.13,58.05,128,1801,1000,77,92,76,28,14702,0
285,522,25.26,58.21,128,1801,1000,77,93,77,28,14702,0
291,523,25.02,55.76,128,1801,1000,78,94,76,28,14702,0
296,524,25.23,57.86,128,1801,1000,77,93,77,28,14702,0
302,525,25.25,55.93,128,1801,1000,77,93,76,28,14702,0
308,526,25.22,57.54,128,1801,1000,77,95,77,28,14702,0
313,527,25.23,57.92,128,1801,1000,77,93,76,28,14702,0
319,528,25.13,57.87,128,1801,1000,77,93,76,28,14702,0
325,529,25.12,58.01,128,1801,1000,77,94,77,28,14702,0
331,530,25.07,57.90,128,1801,1000,77,93,77,28,14702,0
336,531,25.08,57.67,128,1801,1000,77,94,77,28,14702,0
342,532,25.18,57.66,128,1801,1000,77,93,76,28,14702,0
348,533,24.99,54.05,128,1801,1000,77,92,77,28,14702,0
353,534,25.15,57.98,128,1801,1000,77,94,77,28,14702,0
359,535,24.99,57.27,128,1801,1000,77,93,77,28,14702,0
365,536,24.97,56.08,128,1801,1000,77,92,77,28,14702,0
371,537,25.04,57.80,128,1801,1000,78,93,77,28,14702,0
376,538,25.03,57.86,128,1801,1000,77,94,77,28,14702,0
382,539,25.08,57.16,128,1801,1000,77,93,77,28,14702,0
388,540,25.08,53.78,128,1801,1000,77,94,77,28,14702,0
393,541,25.09,57.71,128,1801,1000,77,93,77,28,14702,0
399,542,25.00,57.89,128,1801,1000,78,93,77,28,14702,0
405,543,25.15,57.70,128,1801,1000,77,93,77,28,14702,0
411,544,25.37,57.93,128,1801,1000,77,94,77,28,14702,0
416,545,24.97,57.78,128,1801,1000,78,94,77,28,14702,0
422,546,25.00,57.94,128,1801,1000,77,93,77,28,14702,0
428,547,25.14,57.75,128,1801,1000,77,94,77,28,14702,0
433,548,24.92,55.56,128,1801,1000,77,94,77,28,14702,0
439,549,24.97,57.85,128,1801,1000,77,93,77,28,14702,0
445,550,24.94,54.32,128,1801,1000,77,94,77,28,14702,0
451,551,24.95,57.70,128,1801,1000,77,94,78,28,14702,0
456,552,24.86,53.52,128,1801,1000,77,93,77,28,14702,0
462,553,24.88,57.73,128,1801,1000,77,93,76,28,14702,0
468,554,24.98,57.84,128,1801,1000,77,92,77,28,14702,0
474,555,25.12,57.58,128,1801,1000,77,92,77,28,14702,0
479,556,24.99,57.82,128,1801,1000,77,93,77,28,14702,0
485,557,25.14,56.07,128,1801,1000,78,93,77,28,14702,0
491,558,24.99,55.88,128,1801,1000,77,94,77,28,14702,0
497,559,24.98,57.46,128,1801,1000,78,94,77,28,14702,0
502,560,25.07,57.61,128,1801,1000,77,93,77,28,14702,0
508,561,24.90,57.74,128,1801,1000,77,94,77,28,14702,0
514,562,24.93,53.53,128,1801,1000,77,94,77,28,14702,0
519,563,24.99,57.81,128,1801,1000,77,94,78,28,14702,0
525,564,24.96,57.87,128,1801,1000,78,93,77,28,14702,0
531,565,25.01,57.61,128,1801,1000,77,93,78,28,14702,0
537,566,25.09,56.32,128,1801,1000,78,94,77,28,14702,0
542,567,25.05,57.87,128,1801,1000,77,94,78,28,14702,0
548,568,25.01,57.85,128,1801,1000,77,94,77,28,14702,0
554,569,25.02,57.57,128,1801,1000,77,94,77,28,14702,0
559,570,25.02,57.81,128,1801,1000,77,93,77,28,14702,0
565,571,24.96,53.82,128,1801,1000,77,94,78,28,14702,0
571,572,25.11,58.03,128,1801,1000,78,93,77,28,14702,0
577,573,24.91,57.39,128,1801,1000,77,95,77,28,14702,0
582,574,25.08,55.98,128,1801,1000,77,93,77,28,14702,0
588,575,24.98,55.60,128,1801,1000,77,95,77,28,14702,0
594,576,25.14,57.72,128,1801,1000,77,94,77,28,14702,0
600,577,25.05,53.65,128,1801,1000,77,92,76,28,14702,0
605,578,25.05,58.01,128,1801,1000,77,94,76,28,14702,0
611,579,25.06,56.28,128,1801,1000,78,95,78,28,14702,0
617,580,24.98,57.88,128,1801,1000,77,92,77,28,14702,0
622,581,25.01,57.76,128,1801,1000,77,94,77,28,14702,0
628,582,25.01,56.77,128,1801,1000,77,93,77,28,14702,0
634,583,25.27,58.27,128,1801,1000,77,95,77,28,14702,0
640,584,25.16,58.23,128,1801,1000,77,94,77,28,14702,0
645,585,25.07,57.87,128,1801,1000,78,94,77,28,14702,0
651,586,24.94,57.54,128,1801,1000,77,93,78,28,14702,0
657,587,25.04,57.44,128,1801,1000,77,94,77,28,14702,0
662,588,25.07,57.72,128,1801,1000,77,94,78,28,14702,0
668,589,25.13,57.74,128,1801,1000,77,94,78,28,14702,0
674,590,24.96,57.78,128,1801,1000,77,93,77,28,14702,0
680,591,24.93,55.96,128,1801,1000,78,96,78,28,14702,0
685,592,24.97,57.64,128,1801,1000,78,94,78,28,14702,0
691,593,25.06,57.28,128,1801,1000,78,95,78,28,14702,0
697,594,25.04,53.63,128,1801,1000,78,94,77,28,14702,0
703,595,24.97,55.99,128,1801,1000,77,94,77,28,14702,0
708,596,25.02,57.93,128,1801,1000,77,92,78,28,14702,0
714,597,24.91,56.26,128,1801,1000,77,95,78,28,14702,0
720,598,25.09,55.81,128,1801,1000,78,93,77,28,14702,0
725,599,25.02,57.59,128,1801,1000,77,94,77,28,14702,0
731,600,25.12,56.68,128,1801,1000,77,93,77,28,14702,0
737,601,25.05,57.70,128,1801,1000,77,93,78,28,14702,0
743,602,24.88,56.51,128,1801,1000,77,93,77,28,14702,0
748,603,25.19,57.67,128,1801,1000,77,92,77,28,14702,0
754,604,25.00,56.22,128,1801,1000,77,94,77,28,14702,0
760,605,25.05,57.64,128,1801,1000,77,92,77,28,14702,0
765,606,25.18,57.81,128,1801,1000,77,93,77,28,14702,0
771,607,25.07,57.88,128,1801,1000,77,94,77,28,14702,0
777,608,25.12,58.21,128,1801,1000,77,92,77,28,14702,0
783,609,25.04,57.24,128,1801,1000,76,92,77,28,14702,0
788,610,25.06,58.03,128,1801,1000,77,92,77,28,14702,0
794,611,25.16,58.03,128,1801,1000,77,93,77,28,14702,0
800,612,25.15,55.81,128,1801,1000,77,92,77,28,14702,0
805,613,25.15,57.63,128,1801,1000,77,94,77,28,14702,0
811,614,25.14,57.68,128,1801,1000,77,93,77,28,14702,0
817,615,25.11,52.84,128,1801,1000,77,92,77,28,14702,0
822,616,25.16,57.70,128,1801,1000,76,92,77,28,14702,0
828,617,25.09,57.80,128,1801,1000,77,93,77,28,14702,0
834,618,25.15,57.66,128,1801,1000,77,92,77,28,14702,0
840,619,25.08,57.67,128,1801,1000,77,94,77,28,14702,0
845,620,25.22,57.78,128,1801,1000,77,93,77,28,14702,0
851,621,25.19,57.51,128,1801,1000,77,93,77,28,14702,0
857,622,25.20,58.05,128,1801,1000,77,92,76,28,14702,0
862,623,25.03,57.68,128,1801,1000,77,92,76,28,14702,0
868,624,25.18,57.76,128,1801,1000,77,93,76,28,14702,0
874,625,25.11,57.96,128,1801,1000,77,92,77,28,14702,0
879,626,25.19,56.19,128,1801,1000,77,94,77,28,14702,0
885,627,25.06,57.95,128,1801,1000,77,94,76,28,14702,0
891,628,25.12,57.79,128,1801,1000,77,93,77,28,14702,0
896,629,25.10,57.49,128,1801,1000,77,95,77,28,14702,0
902,630,25.08,53.76,128,1801,1000,77,93,77,28,14702,0
908,631,25.08,57.92,128,1801,1000,77,94,77,28,14702,0
914,632,25.06,57.78,128,1801,1000,77,93,77,28,14702,0
919,633,25.13,57.80,128,1801,1000,78,94,78,28,14702,0
925,634,25.02,57.74,128,1801,1000,77,94,77,28,14702,0
931,635,24.96,56.60,128,1801,1000,77,93,77,28,14702,0
937,636,24.98,57.76,128,1801,1000,77,94,77,28,14702,0
942,637,25.14,58.05,128,1801,1000,78,94,77,28,14702,0
948,638,24.91,56.04,128,1801,1000,77,93,77,28,14702,0
954,639,25.01,53.86,128,1801,1000,77,95,77,28,14702,0
959,640,25.08,56.12,128,1801,1000,77,92,77,28,14702,0
965,641,25.17,57.66,128,1801,1000,77,94,77,28,14702,0
971,642,24.97,53.52,128,1801,1000,78,92,78,28,14702,0
977,643,24.97,53.30,128,1801,1000,77,94,77,28,14702,0
982,644,25.10,57.99,128,1801,1000,78,94,77,28,14702,0
988,645,25.02,57.67,128,1801,1000,77,94,77,28,14702,0
994,646,24.99,53.60,128,1801,1000,77,93,77,28,14702,0
1000,647,24.94,57.81,128,1801,1000,78,96,78,28,14702,0
1005,648,25.02,58.13,128,1801,1000,77,94,78,28,14702,0
1011,649,25.01,58.03,128,1801,1000,78,94,77,28,14702,0
1017,650,25.05,57.82,128,1801,1000,77,93,77,28,14702,0
1022,651,25.11,57.23,128,1801,1000,77,94,77,28,14702,0
1028,652,24.96,58.08,128,1801,1000,78,93,77,28,14702,0
1034,653,24.88,57.65,128,1801,1000,77,93,77,28,14702,0
1040,654,25.03,57.80,128,1801,1000,78,94,78,28,14702,0
1045,655,25.12,57.89,128,1801,1000,78,94,78,28,14702,0
1051,656,25.03,57.92,128,1801,1000,77,93,78,28,14702,0
1057,657,24.90,57.93,128,1801,1000,77,93,78,28,14702,0
1062,658,24.96,57.78,128,1801,1000,77,93,78,28,14702,0
1068,659,24.96,55.35,128,1801,1000,77,94,78,28,14702,0
1074,660,25.11,57.76,128,1773,1000,77,96,78,28,14702,0
1080,661,25.04,57.54,128,1801,1000,77,95,78,28,14702,0
1085,662,25.07,57.81,128,1801,1000,77,93,78,28,14702,0
1091,663,25.10,56.30,128,1801,1000,77,94,78,28,14702,0
1097,664,24.99,57.55,128,1801,1000,77,93,77,28,14702,0
1103,665,24.91,57.61,128,1801,1000,77,92,77,28,14702,0
1108,666,24.98,57.85,128,1801,1000,78,95,78,28,14702,0
1114,667,24.89,55.73,128,1801,1000,77,93,78,28,14702,0
1120,668,24.97,57.86,128,1801,1000,77,94,77,28,14702,0
1125,669,24.95,57.83,128,1801,1000,77,94,77,28,14702,0
1131,670,25.16,57.90,128,1801,1000,77,94,77,28,14702,0
1137,671,25.01,57.48,128,1801,1000,77,93,78,28,14702,0
1143,672,24.97,57.66,128,1801,1000,77,94,77,28,14702,0
1148,673,25.05,57.40,128,1801,1000,78,94,78,28,14702,0
1154,674,25.17,57.80,128,1801,1000,78,94,78,28,14702,0
1160,675,24.93,57.67,128,1801,1000,77,92,77,28,14702,0
1165,676,25.09,58.16,128,1801,1000,77,95,78,28,14702,0
1171,677,24.89,57.75,128,1801,1000,77,94,77,28,14702,0
1177,678,25.02,57.92,128,1801,1000,78,95,78,28,14702,0
1183,679,25.06,57.77,128,1801,1000,77,92,77,28,14702,0
1188,680,25.14,58.00,128,1801,1000,77,93,77,28,14702,0
1194,681,24.96,57.66,128,1801,1000,77,93,77,28,14702,0
1200,682,25.03,54.03,128,1801,1000,77,93,77,28,14702,0
1205,683,25.08,58.22,128,1801,1000,77,94,77,28,14702,0
1211,684,25.33,58.02,128,1801,1000,77,92,76,28,14702,0
1217,685,25.18,58.00,128,1801,1000,77,94,77,28,14702,0
1223,686,25.10,58.07,128,1801,1000,77,94,77,28,14702,0
1228,687,25.17,57.61,128,1801,1000,77,93,77,28,14702,0
1234,688,25.18,53.48,128,1801,1000,77,92,77,28,14702,0
1240,689,25.13,57.43,128,1801,1000,77,92,77,28,14702,0
1245,690,25.13,57.87,128,1801,1000,77,94,77,28,14702,0
1251,691,25.08,57.10,128,1801,1000,77,93,77,28,14702,0
1257,692,25.00,56.36,128,1801,1000,77,94,77,28,14702,0
1262,693,25.13,57.81,128,1801,1000,77,92,77,28,14702,0
1268,694,25.33,57.62,128,1801,1000,77,94,77,28,14702,0
1274,695,25.08,53.46,128,1801,1000,77,93,77,28,14702,0
1280,696,25.02,55.98,128,1801,1000,76,94,76,28,14702,0
1285,697,25.05,57.72,128,1801,1000,77,95,77,28,14702,0
1291,698,25.04,55.93,128,1801,1000,77,93,77,28,14702,0
1297,699,25.06,55.91,128,1801,1000,76,93,77,28,14702,0
1302,700,25.19,57.60,128,1801,1000,77,93,77,28,14702,0
1308,701,25.03,57.77,128,1801,1000,77,94,77,28,14702,0
1314,702,25.29,58.03,128,1801,1000,76,93,76,28,14702,0
1320,703,25.19,57.62,128,1801,1000,77,93,77,28,14702,0
1325,704,25.13,56.12,128,1801,1000,77,94,76,28,14702,0
1331,705,25.11,57.83,128,1801,1000,77,94,77,28,14702,0
1337,706,25.14,56.84,128,1801,1000,77,92,76,28,14702,0
1342,707,25.22,56.19,128,1801,1000,76,93,77,28,14702,0
1348,708,25.17,56.06,128,1801,1000,76,93,76,28,14702,0
1354,709,25.08,56.05,128,1801,1000,77,93,76,28,14702,0
1359,710,25.10,55.85,128,1801,1000,77,94,77,28,14702,0
1365,711,25.33,57.91,128,1801,1000,76,93,77,28,14702,0
1371,712,25.13,57.79,128,1801,1000,77,94,77,28,14702,0
1376,713,25.19,57.94,128,1801,1000,77,93,77,28,14702,0
1382,714,25.30,57.75,128,1801,1000,76,93,76,28,14702,0
1388,715,25.22,57.65,128,1801,1000,76,93,77,28,14702,0
1394,716,25.06,57.41,128,1801,1000,76,94,77,28,14702,0
1399,717,25.09,56.76,128,1801,1000,76,94,77,28,14702,0
1405,718,25.05,57.55,128,1801,1000,77,93,77,28,14702,0
1411,719,25.21,57.81,128,1801,1000,77,92,77,28,14702,0
1416,720,25.17,57.66,128,1801,1000,77,92,76,28,14702,0
1422,721,25.04,56.02,128,1801,1000,76,92,77,28,14702,0
1428,722,25.30,57.81,128,1801,1000,77,93,77,28,14702,0
1433,723,25.23,57.75,128,1801,1000,77,92,76,28,14702,0
1439,724,25.09,57.88,128,1801,1000,76,93,77,28,14702,0
1445,725,25.10,53.97,128,1801,1000,76,94,77,28,14702,0
1451,726,25.14,57.91,128,1801,1000,76,92,77,28,14702,0
1456,727,25.17,58.01,128,1801,1000,76,92,76,28,14702,0
1462,728,25.27,56.29,128,1801,1000,76,92,77,28,14702,0
1468,729,25.03,57.74,128,1801,1000,76,94,77,28,14702,0
1473,730,25.11,57.76,128,1801,1000,77,93,77,28,14702,0
1479,731,25.17,56.21,128,1801,1000,76,92,76,28,14702,0
1485,732,25.27,57.81,128,1801,1000,77,93,77,28,14702,0
1490,733,25.13,56.41,128,1801,1000,77,94,76,28,14702,0
1496,734,25.48,58.12,128,1801,1000,77,93,76,28,14702,0
1502,735,25.25,57.77,128,1801,1000,76,93,77,28,14702,0
